user_id,event_id,timestamp,rsvp_status
U0000,E0144,2026-02-07T10:41:41.130138,interested
U0000,E0026,2026-01-11T10:41:41.130142,going
U0000,E0122,2026-01-06T10:41:41.130145,interested
U0000,E0053,2026-02-08T10:41:41.130148,going
U0000,E0119,2026-01-06T10:41:41.130151,going
U0000,E0148,2026-02-07T10:41:41.130153,going
U0000,E0029,2026-01-31T10:41:41.130156,interested
U0001,E0118,2026-01-26T10:41:41.130574,going
U0001,E0069,2026-01-31T10:41:41.130578,interested
U0002,E0061,2026-02-11T10:41:41.130968,going
U0002,E0022,2026-01-10T10:41:41.130971,going
U0002,E0028,2026-01-13T10:41:41.130974,interested
U0002,E0121,2026-02-02T10:41:41.130977,going
U0002,E0071,2026-02-01T10:41:41.130980,interested
U0002,E0009,2026-01-21T10:41:41.130982,going
U0002,E0037,2026-01-21T10:41:41.130985,interested
U0003,E0138,2026-02-15T10:41:41.131344,going
U0003,E0096,2026-02-16T10:41:41.131348,going
U0003,E0028,2026-02-06T10:41:41.131350,interested
U0003,E0023,2026-01-06T10:41:41.131353,interested
U0003,E0019,2026-01-29T10:41:41.131355,interested
U0004,E0054,2026-02-18T10:41:41.131763,interested
U0004,E0078,2026-02-02T10:41:41.131766,interested
U0004,E0125,2026-01-29T10:41:41.131770,interested
U0004,E0110,2026-02-21T10:41:41.131772,going
U0004,E0120,2026-02-09T10:41:41.131775,going
U0005,E0000,2026-01-11T10:41:41.132165,going
U0006,E0117,2026-01-06T10:41:41.132542,interested
U0006,E0118,2026-02-19T10:41:41.132545,going
U0006,E0131,2026-01-01T10:41:41.132547,going
U0007,E0111,2026-01-02T10:41:41.132929,going
U0007,E0023,2026-01-14T10:41:41.132932,going
U0007,E0078,2026-02-01T10:41:41.132935,interested
U0007,E0120,2026-01-04T10:41:41.132937,going
U0007,E0007,2026-01-16T10:41:41.132940,going
U0007,E0000,2026-02-06T10:41:41.132943,going
U0007,E0084,2026-01-08T10:41:41.132945,going
U0008,E0092,2026-01-23T10:41:41.133320,interested
U0008,E0002,2026-02-17T10:41:41.133323,going
U0009,E0133,2026-01-21T10:41:41.133714,going
U0009,E0078,2026-02-20T10:41:41.133718,interested
U0009,E0003,2026-02-19T10:41:41.133720,interested
U0009,E0063,2026-01-11T10:41:41.133723,going
U0009,E0125,2026-01-02T10:41:41.133726,going
U0009,E0051,2026-01-09T10:41:41.133728,going
U0009,E0026,2026-02-07T10:41:41.133731,interested
U0010,E0122,2026-02-21T10:41:41.134124,going
U0010,E0053,2026-01-23T10:41:41.134127,going
U0010,E0086,2026-01-01T10:41:41.134130,going
U0011,E0147,2026-01-10T10:41:41.134514,going
U0011,E0036,2026-02-16T10:41:41.134517,going
U0011,E0028,2026-01-08T10:41:41.134520,going
U0011,E0107,2025-12-28T10:41:41.134523,interested
U0011,E0116,2026-02-24T10:41:41.134525,interested
U0011,E0046,2026-02-06T10:41:41.134528,interested
U0013,E0147,2026-02-24T10:41:41.135359,going
U0013,E0143,2026-02-20T10:41:41.135362,going
U0013,E0067,2026-01-29T10:41:41.135365,going
U0013,E0054,2026-01-29T10:41:41.135374,going
U0013,E0065,2026-02-06T10:41:41.135377,going
U0013,E0109,2026-01-28T10:41:41.135379,going
U0013,E0095,2026-02-13T10:41:41.135382,interested
U0014,E0104,2026-01-28T10:41:41.135805,going
U0014,E0117,2026-01-02T10:41:41.135809,going
U0014,E0082,2025-12-27T10:41:41.135811,going
U0014,E0010,2026-02-18T10:41:41.135814,interested
U0014,E0011,2026-01-25T10:41:41.135817,going
U0014,E0035,2026-02-21T10:41:41.135820,going
U0015,E0043,2025-12-27T10:41:41.136309,interested
U0015,E0038,2026-01-04T10:41:41.136312,going
U0015,E0101,2026-01-28T10:41:41.136315,going
U0015,E0050,2026-01-23T10:41:41.136318,going
U0015,E0136,2026-02-16T10:41:41.136321,interested
U0015,E0006,2026-01-24T10:41:41.136324,going
U0015,E0052,2026-01-12T10:41:41.136326,going
U0015,E0131,2025-12-30T10:41:41.136329,going
U0015,E0091,2026-01-11T10:41:41.136331,going
U0015,E0013,2026-01-30T10:41:41.136334,going
U0015,E0073,2026-01-16T10:41:41.136337,going
U0015,E0124,2025-12-28T10:41:41.136339,going
U0015,E0092,2026-02-24T10:41:41.136342,going
U0015,E0080,2026-01-28T10:41:41.136345,going
U0015,E0071,2026-01-21T10:41:41.136348,going
U0016,E0061,2026-01-03T10:41:41.136799,going
U0016,E0083,2026-02-12T10:41:41.136802,going
U0016,E0022,2026-01-27T10:41:41.136805,going
U0016,E0037,2026-02-20T10:41:41.136808,going
U0016,E0121,2026-01-16T10:41:41.136811,interested
U0016,E0030,2026-02-05T10:41:41.136813,going
U0016,E0014,2026-01-25T10:41:41.136816,going
U0016,E0087,2026-01-21T10:41:41.136819,going
U0016,E0021,2026-02-15T10:41:41.136821,going
U0016,E0106,2026-02-16T10:41:41.136824,going
U0016,E0128,2026-01-29T10:41:41.136827,going
U0017,E0136,2026-02-18T10:41:41.137239,interested
U0017,E0069,2025-12-28T10:41:41.137242,interested
U0017,E0133,2026-01-13T10:41:41.137245,interested
U0018,E0071,2026-02-14T10:41:41.137645,going
U0018,E0106,2026-01-22T10:41:41.137648,going
U0018,E0023,2026-01-17T10:41:41.137651,going
U0018,E0121,2026-01-22T10:41:41.137654,interested
U0019,E0013,2026-01-13T10:41:41.138055,going
U0019,E0047,2026-01-12T10:41:41.138058,interested
U0019,E0101,2026-01-15T10:41:41.138061,interested
U0021,E0101,2026-02-15T10:41:41.138880,interested
U0021,E0131,2026-01-23T10:41:41.138883,interested
U0022,E0147,2026-02-12T10:41:41.139322,going
U0022,E0065,2026-02-20T10:41:41.139325,going
U0022,E0102,2026-02-15T10:41:41.139333,going
U0022,E0047,2025-12-30T10:41:41.139336,going
U0022,E0022,2026-01-22T10:41:41.139338,going
U0022,E0059,2026-02-09T10:41:41.139341,going
U0022,E0100,2026-02-18T10:41:41.139343,interested
U0023,E0092,2026-01-03T10:41:41.139684,going
U0024,E0118,2026-02-19T10:41:41.140170,interested
U0024,E0122,2025-12-29T10:41:41.140173,going
U0024,E0054,2026-01-20T10:41:41.140176,interested
U0024,E0110,2026-02-20T10:41:41.140179,interested
U0024,E0034,2026-02-13T10:41:41.140181,interested
U0024,E0109,2026-01-06T10:41:41.140184,interested
U0025,E0028,2026-01-12T10:41:41.140584,going
U0025,E0121,2026-01-26T10:41:41.140588,interested
U0025,E0124,2026-02-04T10:41:41.140590,interested
U0026,E0083,2026-02-03T10:41:41.140964,going
U0026,E0018,2026-01-03T10:41:41.140967,going
U0026,E0053,2026-02-05T10:41:41.140970,interested
U0026,E0004,2026-01-29T10:41:41.140972,going
U0026,E0070,2026-01-19T10:41:41.140975,going
U0026,E0102,2026-01-21T10:41:41.140978,going
U0026,E0071,2026-01-06T10:41:41.140980,going
U0027,E0043,2026-02-11T10:41:41.141374,going
U0027,E0086,2025-12-27T10:41:41.141377,going
U0027,E0119,2026-02-15T10:41:41.141379,going
U0027,E0060,2026-02-14T10:41:41.141382,interested
U0027,E0114,2025-12-31T10:41:41.141385,going
U0028,E0121,2026-02-17T10:41:41.141794,going
U0028,E0009,2026-01-13T10:41:41.141797,going
U0028,E0047,2026-02-13T10:41:41.141800,interested
U0029,E0130,2026-01-31T10:41:41.142207,going
U0029,E0149,2026-01-09T10:41:41.142210,going
U0029,E0023,2026-02-03T10:41:41.142213,going
U0029,E0037,2026-01-08T10:41:41.142215,interested
U0029,E0083,2026-01-28T10:41:41.142218,interested
U0030,E0046,2025-12-28T10:41:41.142592,going
U0030,E0137,2026-01-26T10:41:41.142595,interested
U0030,E0009,2026-01-09T10:41:41.142598,going
U0030,E0011,2026-02-13T10:41:41.142600,interested
U0031,E0144,2026-01-23T10:41:41.143006,interested
U0031,E0026,2026-01-23T10:41:41.143009,interested
U0031,E0086,2026-01-14T10:41:41.143012,interested
U0031,E0122,2026-02-08T10:41:41.143015,going
U0031,E0069,2026-02-09T10:41:41.143018,interested
U0032,E0071,2026-02-24T10:41:41.143400,going
U0032,E0047,2026-02-04T10:41:41.143403,interested
U0033,E0147,2026-01-04T10:41:41.143853,interested
U0033,E0011,2026-01-06T10:41:41.143856,going
U0033,E0113,2026-01-26T10:41:41.143859,going
U0033,E0036,2026-02-18T10:41:41.143861,going
U0033,E0052,2026-01-01T10:41:41.143864,interested
U0033,E0021,2026-01-07T10:41:41.143866,going
U0033,E0046,2026-02-08T10:41:41.143869,going
U0033,E0127,2026-01-05T10:41:41.143872,interested
U0033,E0133,2026-01-28T10:41:41.143874,going
U0033,E0129,2026-02-23T10:41:41.143877,going
U0034,E0131,2026-01-26T10:41:41.144245,interested
U0034,E0082,2026-02-02T10:41:41.144248,going
U0034,E0118,2026-02-02T10:41:41.144251,interested
U0035,E0053,2026-02-12T10:41:41.144666,going
U0035,E0122,2026-01-16T10:41:41.144669,interested
U0035,E0010,2026-02-13T10:41:41.144672,going
U0035,E0005,2026-02-11T10:41:41.144675,interested
U0035,E0086,2026-02-18T10:41:41.144677,going
U0035,E0049,2025-12-28T10:41:41.144680,going
U0037,E0016,2025-12-29T10:41:41.145475,going
U0037,E0091,2026-02-17T10:41:41.145478,going
U0037,E0113,2026-02-15T10:41:41.145480,interested
U0037,E0073,2026-02-18T10:41:41.145483,going
U0039,E0009,2026-02-19T10:41:41.146283,interested
U0039,E0127,2026-02-03T10:41:41.146286,going
U0039,E0047,2026-01-24T10:41:41.146289,interested
U0040,E0103,2026-01-06T10:41:41.146796,interested
U0040,E0130,2026-02-15T10:41:41.146799,going
U0041,E0080,2026-02-11T10:41:41.147219,going
U0041,E0130,2026-02-13T10:41:41.147222,interested
U0041,E0107,2026-01-20T10:41:41.147225,going
U0042,E0103,2026-02-11T10:41:41.147659,interested
U0042,E0124,2026-02-15T10:41:41.147662,going
U0042,E0135,2026-02-20T10:41:41.147665,going
U0043,E0043,2026-02-23T10:41:41.148046,going
U0043,E0060,2026-02-11T10:41:41.148049,going
U0043,E0121,2026-01-22T10:41:41.148052,interested
U0044,E0047,2025-12-27T10:41:41.148456,going
U0044,E0083,2026-02-11T10:41:41.148459,interested
U0044,E0092,2026-01-14T10:41:41.148462,going
U0044,E0067,2026-02-01T10:41:41.148464,going
U0044,E0124,2026-01-30T10:41:41.148467,going
U0045,E0118,2026-02-18T10:41:41.148880,going
U0045,E0057,2026-01-22T10:41:41.148883,going
U0046,E0117,2026-01-22T10:41:41.149289,interested
U0046,E0071,2026-01-11T10:41:41.149292,going
U0047,E0009,2026-01-21T10:41:41.149738,going
U0047,E0090,2026-02-19T10:41:41.149741,interested
U0047,E0011,2026-01-22T10:41:41.149744,going
U0047,E0097,2026-02-19T10:41:41.149746,interested
U0047,E0096,2026-02-08T10:41:41.149754,interested
U0047,E0140,2026-01-20T10:41:41.149757,going
U0048,E0143,2026-01-31T10:41:41.150146,going
U0048,E0095,2026-02-02T10:41:41.150149,interested
U0048,E0072,2026-01-07T10:41:41.150152,interested
U0048,E0096,2025-12-31T10:41:41.150154,going
U0048,E0147,2026-02-13T10:41:41.150157,interested
U0049,E0016,2026-01-06T10:41:41.150566,going
U0049,E0117,2026-02-22T10:41:41.150570,going
U0049,E0002,2025-12-31T10:41:41.150572,going
U0051,E0068,2026-01-23T10:41:41.151483,interested
U0051,E0103,2026-01-14T10:41:41.151486,going
U0051,E0002,2026-02-05T10:41:41.151489,going
U0051,E0019,2026-02-03T10:41:41.151492,going
U0051,E0138,2026-01-16T10:41:41.151495,going
U0051,E0047,2026-01-20T10:41:41.151499,going
U0052,E0050,2026-01-18T10:41:41.151874,going
U0053,E0119,2026-01-24T10:41:41.152305,going
U0053,E0070,2026-02-17T10:41:41.152308,going
U0053,E0065,2026-01-24T10:41:41.152311,going
U0053,E0125,2025-12-29T10:41:41.152313,interested
U0053,E0081,2026-02-16T10:41:41.152316,going
U0053,E0037,2026-01-20T10:41:41.152319,going
U0053,E0043,2026-02-09T10:41:41.152321,going
U0054,E0084,2026-02-16T10:41:41.152725,going
U0054,E0023,2025-12-31T10:41:41.152728,interested
U0054,E0090,2026-01-22T10:41:41.152730,going
U0054,E0109,2025-12-29T10:41:41.152733,going
U0054,E0120,2026-02-03T10:41:41.152736,interested
U0055,E0124,2026-01-29T10:41:41.153127,interested
U0055,E0121,2026-02-18T10:41:41.153130,going
U0055,E0018,2026-02-11T10:41:41.153133,interested
U0055,E0106,2026-02-06T10:41:41.153136,going
U0055,E0037,2026-01-24T10:41:41.153138,interested
U0055,E0112,2026-01-19T10:41:41.153141,interested
U0056,E0117,2025-12-29T10:41:41.153543,going
U0057,E0136,2026-02-05T10:41:41.153959,interested
U0057,E0129,2026-02-10T10:41:41.153962,going
U0057,E0031,2026-01-05T10:41:41.153965,going
U0057,E0062,2026-01-04T10:41:41.153968,going
U0058,E0136,2026-01-28T10:41:41.154346,interested
U0058,E0011,2026-02-13T10:41:41.154349,interested
U0059,E0141,2026-02-16T10:41:41.154793,going
U0059,E0054,2026-01-05T10:41:41.154796,interested
U0059,E0023,2026-02-01T10:41:41.154799,interested
U0059,E0125,2026-01-23T10:41:41.154801,interested
U0059,E0036,2026-02-17T10:41:41.154804,interested
U0059,E0027,2026-01-24T10:41:41.154807,interested
U0059,E0103,2026-02-06T10:41:41.154809,going
U0060,E0124,2026-01-12T10:41:41.155220,interested
U0061,E0022,2025-12-29T10:41:41.155649,going
U0061,E0043,2026-02-19T10:41:41.155652,interested
U0061,E0009,2026-01-30T10:41:41.155654,interested
U0061,E0045,2026-02-10T10:41:41.155657,going
U0061,E0106,2026-01-16T10:41:41.155660,going
U0061,E0047,2026-02-06T10:41:41.155662,going
U0061,E0066,2026-02-03T10:41:41.155665,interested
U0061,E0025,2026-02-03T10:41:41.155668,going
U0061,E0070,2026-01-20T10:41:41.155671,going
U0061,E0037,2026-01-27T10:41:41.155674,interested
U0061,E0028,2026-01-01T10:41:41.155676,going
U0062,E0102,2026-01-17T10:41:41.156082,interested
U0063,E0026,2026-02-10T10:41:41.156476,interested
U0064,E0127,2026-02-09T10:41:41.156900,going
U0064,E0011,2026-01-05T10:41:41.156903,going
U0064,E0135,2026-01-25T10:41:41.156906,going
U0065,E0071,2026-02-13T10:41:41.157288,interested
U0065,E0074,2026-01-27T10:41:41.157291,going
U0065,E0059,2026-02-17T10:41:41.157293,going
U0067,E0103,2025-12-28T10:41:41.158094,going
U0067,E0027,2026-01-08T10:41:41.158097,going
U0067,E0099,2026-02-24T10:41:41.158099,going
U0069,E0147,2026-01-31T10:41:41.158956,interested
U0069,E0022,2026-01-06T10:41:41.158959,going
U0069,E0029,2026-01-21T10:41:41.158962,going
U0069,E0081,2026-02-08T10:41:41.158964,interested
U0069,E0122,2026-02-04T10:41:41.158967,going
U0069,E0026,2026-01-05T10:41:41.158969,going
U0069,E0037,2026-02-14T10:41:41.158972,going
U0069,E0119,2026-01-15T10:41:41.158975,going
U0069,E0059,2026-01-04T10:41:41.158977,interested
U0069,E0086,2025-12-30T10:41:41.158980,going
U0069,E0087,2026-02-04T10:41:41.158982,going
U0069,E0000,2026-02-17T10:41:41.158985,going
U0069,E0112,2026-02-14T10:41:41.158988,interested
U0069,E0039,2026-02-16T10:41:41.158990,interested
U0069,E0023,2026-02-22T10:41:41.158993,interested
U0070,E0117,2026-01-17T10:41:41.159489,going
U0070,E0124,2026-01-28T10:41:41.159492,going
U0070,E0045,2026-01-23T10:41:41.159495,interested
U0070,E0125,2026-01-23T10:41:41.159497,going
U0070,E0094,2025-12-30T10:41:41.159500,going
U0070,E0087,2026-01-04T10:41:41.159503,going
U0070,E0044,2026-02-20T10:41:41.159505,interested
U0070,E0129,2026-01-05T10:41:41.159508,going
U0070,E0112,2026-01-25T10:41:41.159511,going
U0070,E0047,2026-01-25T10:41:41.159513,going
U0070,E0060,2026-02-24T10:41:41.159516,interested
U0070,E0080,2026-01-03T10:41:41.159518,going
U0070,E0102,2026-01-28T10:41:41.159521,going
U0070,E0121,2026-02-04T10:41:41.159523,going
U0070,E0062,2026-02-20T10:41:41.159526,interested
U0071,E0022,2026-01-15T10:41:41.159920,interested
U0071,E0129,2026-01-21T10:41:41.159924,interested
U0071,E0062,2025-12-31T10:41:41.159926,interested
U0072,E0131,2026-01-11T10:41:41.160364,interested
U0072,E0106,2026-01-11T10:41:41.160367,going
U0072,E0069,2026-01-02T10:41:41.160369,going
U0072,E0034,2026-02-07T10:41:41.160372,going
U0072,E0136,2026-01-19T10:41:41.160375,going
U0072,E0042,2026-02-14T10:41:41.160378,interested
U0072,E0047,2026-02-01T10:41:41.160380,going
U0072,E0049,2026-01-02T10:41:41.160383,going
U0072,E0146,2026-01-14T10:41:41.160387,going
U0072,E0089,2026-02-21T10:41:41.160390,going
U0073,E0094,2026-01-26T10:41:41.160803,interested
U0073,E0022,2026-02-21T10:41:41.160806,going
U0074,E0147,2026-01-11T10:41:41.161210,going
U0074,E0046,2026-02-15T10:41:41.161214,going
U0074,E0015,2026-01-14T10:41:41.161216,going
U0075,E0081,2025-12-31T10:41:41.161750,going
U0075,E0008,2026-01-31T10:41:41.161753,going
U0075,E0021,2026-02-21T10:41:41.161756,going
U0075,E0004,2026-02-14T10:41:41.161759,going
U0075,E0143,2026-01-11T10:41:41.161762,going
U0075,E0127,2026-02-18T10:41:41.161764,going
U0075,E0039,2026-01-27T10:41:41.161767,going
U0075,E0124,2026-01-03T10:41:41.161769,going
U0075,E0010,2026-01-16T10:41:41.161772,going
U0075,E0119,2025-12-28T10:41:41.161775,going
U0075,E0053,2026-02-19T10:41:41.161777,going
U0075,E0106,2026-01-04T10:41:41.161780,interested
U0075,E0111,2026-02-22T10:41:41.161782,going
U0075,E0064,2026-02-11T10:41:41.161785,interested
U0075,E0059,2025-12-28T10:41:41.161788,interested
U0076,E0022,2026-02-17T10:41:41.162178,interested
U0076,E0043,2026-01-25T10:41:41.162182,going
U0077,E0122,2025-12-30T10:41:41.162700,interested
U0077,E0023,2026-01-12T10:41:41.162703,going
U0077,E0065,2026-02-22T10:41:41.162706,interested
U0077,E0020,2026-01-18T10:41:41.162708,going
U0077,E0127,2026-02-11T10:41:41.162711,going
U0077,E0041,2026-01-29T10:41:41.162713,interested
U0077,E0133,2026-02-13T10:41:41.162716,interested
U0077,E0110,2025-12-28T10:41:41.162719,interested
U0077,E0078,2026-01-31T10:41:41.162721,going
U0077,E0054,2026-02-10T10:41:41.162724,going
U0078,E0131,2026-01-17T10:41:41.163152,going
U0079,E0082,2026-02-22T10:41:41.163642,interested
U0079,E0129,2025-12-30T10:41:41.163646,interested
U0079,E0118,2026-01-04T10:41:41.163649,going
U0079,E0113,2026-01-25T10:41:41.163651,interested
U0079,E0015,2026-01-01T10:41:41.163654,interested
U0079,E0092,2026-02-18T10:41:41.163656,going
U0079,E0088,2026-01-20T10:41:41.163659,interested
U0079,E0047,2026-02-23T10:41:41.163662,going
U0080,E0025,2026-01-12T10:41:41.164137,going
U0080,E0117,2026-02-09T10:41:41.164140,going
U0081,E0009,2026-02-01T10:41:41.164612,interested
U0081,E0102,2026-01-10T10:41:41.164616,interested
U0081,E0053,2026-01-29T10:41:41.164618,going
U0081,E0074,2026-02-12T10:41:41.164621,going
U0081,E0022,2026-02-10T10:41:41.164624,interested
U0081,E0049,2026-02-22T10:41:41.164626,interested
U0081,E0071,2026-01-30T10:41:41.164629,interested
U0081,E0121,2026-01-17T10:41:41.164632,going
U0081,E0070,2026-01-22T10:41:41.164634,interested
U0081,E0028,2026-02-06T10:41:41.164637,going
U0081,E0083,2026-02-20T10:41:41.164640,going
U0081,E0051,2026-02-01T10:41:41.164642,going
U0081,E0132,2026-02-05T10:41:41.164645,going
U0081,E0124,2026-01-03T10:41:41.164647,interested
U0081,E0087,2025-12-28T10:41:41.164650,going
U0082,E0036,2026-01-21T10:41:41.165054,interested
U0082,E0127,2025-12-31T10:41:41.165057,going
U0082,E0138,2026-01-06T10:41:41.165060,going
U0082,E0107,2026-02-04T10:41:41.165063,going
U0082,E0047,2025-12-27T10:41:41.165065,going
U0082,E0098,2026-01-11T10:41:41.165068,interested
U0083,E0147,2026-01-21T10:41:41.165502,interested
U0083,E0008,2026-02-23T10:41:41.165505,going
U0083,E0090,2026-02-01T10:41:41.165507,interested
U0083,E0065,2026-01-03T10:41:41.165510,going
U0083,E0072,2025-12-28T10:41:41.165513,interested
U0084,E0135,2026-02-09T10:41:41.165934,going
U0084,E0050,2025-12-27T10:41:41.165937,going
U0084,E0015,2026-02-14T10:41:41.165940,going
U0084,E0028,2026-01-09T10:41:41.165943,going
U0085,E0014,2026-02-15T10:41:41.166374,going
U0085,E0030,2026-02-11T10:41:41.166377,interested
U0085,E0090,2026-01-22T10:41:41.166380,going
U0085,E0121,2026-01-21T10:41:41.166383,going
U0085,E0083,2026-01-25T10:41:41.166385,going
U0085,E0132,2026-02-03T10:41:41.166388,going
U0086,E0138,2026-01-25T10:41:41.166968,going
U0086,E0050,2026-01-03T10:41:41.166971,going
U0086,E0117,2026-02-21T10:41:41.166974,going
U0086,E0091,2026-01-10T10:41:41.166977,interested
U0086,E0122,2026-02-04T10:41:41.166980,interested
U0086,E0006,2025-12-31T10:41:41.166983,going
U0086,E0005,2026-01-21T10:41:41.166985,going
U0086,E0115,2026-01-15T10:41:41.166988,interested
U0086,E0023,2026-02-21T10:41:41.166991,going
U0086,E0101,2025-12-30T10:41:41.166993,going
U0086,E0011,2026-02-07T10:41:41.166996,interested
U0086,E0054,2026-01-27T10:41:41.166998,going
U0086,E0071,2026-02-04T10:41:41.167001,going
U0086,E0007,2026-02-08T10:41:41.167004,going
U0086,E0038,2026-01-15T10:41:41.167006,interested
U0087,E0022,2026-01-03T10:41:41.167421,interested
U0087,E0128,2026-01-09T10:41:41.167424,interested
U0087,E0043,2026-02-05T10:41:41.167427,going
U0087,E0050,2026-02-20T10:41:41.167429,interested
U0087,E0049,2026-02-11T10:41:41.167432,going
U0087,E0023,2026-01-16T10:41:41.167435,interested
U0088,E0094,2026-02-24T10:41:41.167896,interested
U0088,E0007,2026-02-24T10:41:41.167899,going
U0089,E0125,2026-02-03T10:41:41.168352,going
U0089,E0019,2026-01-08T10:41:41.168355,interested
U0089,E0138,2026-02-09T10:41:41.168358,going
U0089,E0004,2026-01-19T10:41:41.168361,going
U0089,E0008,2026-01-29T10:41:41.168363,going
U0089,E0083,2026-01-30T10:41:41.168366,going
U0089,E0001,2026-01-21T10:41:41.168368,going
U0090,E0065,2025-12-27T10:41:41.168830,going
U0090,E0105,2026-01-20T10:41:41.168850,going
U0090,E0122,2026-02-19T10:41:41.168855,interested
U0090,E0078,2026-02-19T10:41:41.168858,going
U0091,E0071,2026-02-10T10:41:41.169302,interested
U0091,E0082,2026-01-20T10:41:41.169306,going
U0091,E0088,2026-01-06T10:41:41.169309,going
U0091,E0001,2026-01-13T10:41:41.169311,going
U0091,E0130,2026-02-18T10:41:41.169314,going
U0092,E0118,2026-01-25T10:41:41.169787,going
U0092,E0101,2025-12-29T10:41:41.169791,interested
U0092,E0033,2026-02-20T10:41:41.169793,going
U0093,E0117,2026-02-16T10:41:41.170232,going
U0093,E0092,2026-01-20T10:41:41.170236,interested
U0093,E0013,2025-12-28T10:41:41.170239,interested
U0093,E0124,2026-02-07T10:41:41.170242,going
U0093,E0067,2026-01-10T10:41:41.170244,going
U0093,E0066,2026-02-17T10:41:41.170247,going
U0093,E0071,2026-02-15T10:41:41.170250,interested
U0094,E0045,2025-12-27T10:41:41.170686,interested
U0094,E0051,2026-02-16T10:41:41.170689,going
U0094,E0074,2026-01-31T10:41:41.170692,going
U0095,E0102,2026-02-04T10:41:41.171222,going
U0095,E0125,2026-02-13T10:41:41.171226,going
U0095,E0148,2025-12-28T10:41:41.171228,going
U0095,E0053,2026-01-17T10:41:41.171231,going
U0095,E0081,2025-12-29T10:41:41.171234,going
U0095,E0009,2026-01-21T10:41:41.171236,going
U0095,E0114,2026-02-24T10:41:41.171239,interested
U0095,E0069,2026-02-06T10:41:41.171243,going
U0095,E0043,2026-01-18T10:41:41.171245,going
U0095,E0070,2026-01-04T10:41:41.171248,interested
U0095,E0060,2026-01-19T10:41:41.171250,going
U0095,E0119,2026-02-18T10:41:41.171253,going
U0096,E0085,2026-01-30T10:41:41.171737,interested
U0096,E0019,2026-02-14T10:41:41.171741,going
U0096,E0099,2026-01-03T10:41:41.171744,going
U0096,E0123,2026-02-21T10:41:41.171747,interested
U0097,E0044,2026-01-27T10:41:41.172175,going
U0098,E0082,2026-02-17T10:41:41.172621,interested
U0098,E0047,2026-01-11T10:41:41.172625,going
U0098,E0054,2026-01-06T10:41:41.172627,interested
U0099,E0106,2026-02-12T10:41:41.173132,going
U0099,E0124,2026-01-21T10:41:41.173138,going
U0099,E0045,2026-01-10T10:41:41.173141,going
U0099,E0080,2025-12-29T10:41:41.173144,going
U0099,E0002,2026-01-26T10:41:41.173146,going
U0099,E0047,2026-02-04T10:41:41.173149,interested
U0100,E0147,2026-02-07T10:41:41.173559,interested
U0100,E0143,2026-01-07T10:41:41.173562,going
U0100,E0008,2026-01-14T10:41:41.173565,interested
U0100,E0096,2026-01-05T10:41:41.173568,interested
U0100,E0139,2026-01-29T10:41:41.173570,going
U0101,E0127,2026-02-07T10:41:41.174042,interested
U0101,E0092,2026-01-28T10:41:41.174045,going
U0102,E0110,2026-01-08T10:41:41.174464,interested
U0102,E0095,2026-02-01T10:41:41.174467,going
U0103,E0125,2026-01-31T10:41:41.174987,going
U0103,E0144,2026-01-13T10:41:41.174990,going
U0103,E0084,2026-01-18T10:41:41.174993,going
U0103,E0056,2026-02-01T10:41:41.174996,going
U0103,E0035,2026-01-13T10:41:41.174999,going
U0103,E0008,2026-01-13T10:41:41.175013,going
U0103,E0122,2025-12-31T10:41:41.175015,going
U0103,E0054,2026-01-22T10:41:41.175018,going
U0103,E0148,2026-01-10T10:41:41.175021,going
U0103,E0059,2025-12-29T10:41:41.175023,going
U0103,E0139,2026-01-07T10:41:41.175026,going
U0103,E0026,2026-01-22T10:41:41.175028,going
U0103,E0119,2026-02-15T10:41:41.175031,going
U0103,E0081,2026-02-01T10:41:41.175034,going
U0104,E0069,2026-02-05T10:41:41.175449,going
U0104,E0117,2026-01-05T10:41:41.175452,interested
U0105,E0032,2026-01-25T10:41:41.175898,going
U0106,E0002,2026-01-10T10:41:41.176340,interested
U0106,E0015,2026-01-14T10:41:41.176344,going
U0107,E0127,2026-01-03T10:41:41.176846,interested
U0107,E0070,2026-02-15T10:41:41.176849,interested
U0107,E0068,2026-02-10T10:41:41.176852,interested
U0107,E0047,2026-01-26T10:41:41.176855,going
U0107,E0051,2026-02-13T10:41:41.176857,going
U0107,E0123,2026-01-04T10:41:41.176860,interested
U0107,E0004,2026-02-20T10:41:41.176863,going
U0107,E0125,2026-01-05T10:41:41.176865,going
U0107,E0103,2026-02-21T10:41:41.176868,interested
U0108,E0041,2026-01-08T10:41:41.177278,going
U0109,E0022,2026-02-14T10:41:41.177706,going
U0109,E0025,2026-01-21T10:41:41.177709,going
U0109,E0132,2026-02-09T10:41:41.177712,going
U0110,E0065,2026-01-11T10:41:41.178186,interested
U0110,E0144,2026-02-23T10:41:41.178190,going
U0110,E0026,2026-02-22T10:41:41.178193,going
U0110,E0086,2026-01-07T10:41:41.178195,going
U0110,E0114,2026-02-22T10:41:41.178198,going
U0110,E0048,2026-02-22T10:41:41.178201,going
U0110,E0119,2025-12-28T10:41:41.178203,interested
U0111,E0036,2026-02-21T10:41:41.178631,going
U0111,E0011,2026-02-14T10:41:41.178635,going
U0111,E0087,2026-02-09T10:41:41.178637,going
U0112,E0065,2026-02-07T10:41:41.179172,going
U0112,E0147,2026-02-23T10:41:41.179175,going
U0112,E0046,2025-12-27T10:41:41.179178,going
U0112,E0124,2026-02-07T10:41:41.179181,interested
U0112,E0056,2026-02-06T10:41:41.179183,going
U0112,E0008,2026-01-04T10:41:41.179186,interested
U0112,E0081,2026-02-03T10:41:41.179189,going
U0112,E0002,2026-01-28T10:41:41.179191,interested
U0112,E0069,2026-02-07T10:41:41.179194,going
U0113,E0131,2025-12-30T10:41:41.179632,going
U0113,E0082,2026-02-23T10:41:41.179635,interested
U0113,E0057,2026-02-11T10:41:41.179638,going
U0113,E0034,2026-01-22T10:41:41.179641,going
U0114,E0090,2026-02-11T10:41:41.180059,going
U0114,E0084,2026-01-30T10:41:41.180062,interested
U0114,E0023,2026-02-20T10:41:41.180064,going
U0115,E0079,2025-12-29T10:41:41.180524,interested
U0115,E0047,2026-01-22T10:41:41.180528,going
U0115,E0083,2026-01-26T10:41:41.180531,going
U0115,E0023,2026-01-04T10:41:41.180540,going
U0115,E0049,2025-12-30T10:41:41.180558,interested
U0115,E0124,2026-01-13T10:41:41.180560,going
U0115,E0090,2026-02-13T10:41:41.180563,going
U0116,E0008,2026-02-09T10:41:41.180999,interested
U0116,E0059,2026-01-25T10:41:41.181002,interested
U0116,E0095,2026-02-20T10:41:41.181012,interested
U0117,E0137,2026-01-28T10:41:41.181478,going
U0117,E0106,2026-02-15T10:41:41.181481,going
U0117,E0050,2026-01-23T10:41:41.181484,going
U0117,E0073,2026-01-17T10:41:41.181486,interested
U0118,E0136,2025-12-30T10:41:41.182016,interested
U0118,E0147,2025-12-28T10:41:41.182019,going
U0118,E0116,2025-12-31T10:41:41.182022,going
U0118,E0042,2026-01-10T10:41:41.182024,going
U0118,E0143,2026-02-15T10:41:41.182027,going
U0119,E0125,2026-01-15T10:41:41.182545,going
U0119,E0026,2026-02-01T10:41:41.182548,interested
U0119,E0022,2026-02-09T10:41:41.182551,interested
U0119,E0133,2025-12-29T10:41:41.182554,interested
U0119,E0134,2026-02-13T10:41:41.182556,going
U0119,E0144,2026-01-14T10:41:41.182559,going
U0119,E0105,2026-01-01T10:41:41.182562,interested
U0119,E0078,2026-01-24T10:41:41.182564,going
U0119,E0087,2026-01-10T10:41:41.182567,going
U0119,E0063,2026-02-21T10:41:41.182570,interested
U0119,E0094,2026-02-03T10:41:41.182572,going
U0119,E0086,2026-02-03T10:41:41.182575,going
U0119,E0119,2026-02-02T10:41:41.182577,going
U0119,E0043,2026-01-18T10:41:41.182580,interested
U0119,E0003,2026-02-11T10:41:41.182583,going
U0120,E0028,2026-01-09T10:41:41.183000,going
U0120,E0045,2026-02-15T10:41:41.183003,interested
U0120,E0124,2026-02-21T10:41:41.183005,going
U0121,E0092,2026-01-08T10:41:41.183444,going
U0121,E0082,2026-02-04T10:41:41.183447,going
U0121,E0047,2026-01-03T10:41:41.183449,going
U0121,E0038,2026-01-05T10:41:41.183452,going
U0121,E0057,2026-01-18T10:41:41.183455,interested
U0121,E0146,2025-12-31T10:41:41.183457,going
U0121,E0101,2026-02-07T10:41:41.183460,going
U0122,E0020,2026-02-24T10:41:41.183906,going
U0122,E0144,2026-01-29T10:41:41.183909,going
U0122,E0026,2025-12-30T10:41:41.183912,going
U0122,E0053,2025-12-31T10:41:41.183915,going
U0123,E0052,2026-01-28T10:41:41.184476,interested
U0123,E0101,2026-01-09T10:41:41.184479,interested
U0123,E0082,2026-01-21T10:41:41.184492,interested
U0123,E0092,2025-12-31T10:41:41.184495,interested
U0123,E0131,2025-12-27T10:41:41.184498,going
U0123,E0129,2026-02-13T10:41:41.184500,going
U0123,E0034,2026-01-29T10:41:41.184503,interested
U0123,E0062,2026-02-21T10:41:41.184505,interested
U0123,E0113,2026-01-04T10:41:41.184508,interested
U0123,E0038,2026-01-12T10:41:41.184510,interested
U0123,E0016,2026-01-04T10:41:41.184513,interested
U0123,E0057,2026-01-30T10:41:41.184516,interested
U0124,E0117,2026-01-31T10:41:41.184956,going
U0125,E0094,2026-01-02T10:41:41.185442,going
U0125,E0068,2026-01-29T10:41:41.185446,going
U0125,E0056,2026-01-27T10:41:41.185448,going
U0125,E0072,2026-01-23T10:41:41.185451,interested
U0125,E0051,2026-01-05T10:41:41.185454,going
U0125,E0125,2026-01-24T10:41:41.185456,going
U0126,E0117,2026-02-06T10:41:41.185913,going
U0126,E0138,2026-01-10T10:41:41.185916,interested
U0127,E0068,2026-01-03T10:41:41.186347,going
U0128,E0036,2026-01-30T10:41:41.186842,interested
U0128,E0063,2026-01-19T10:41:41.186845,interested
U0129,E0086,2026-02-08T10:41:41.187283,going
U0129,E0084,2026-01-06T10:41:41.187286,interested
U0129,E0007,2026-02-09T10:41:41.187288,interested
U0129,E0125,2026-01-24T10:41:41.187291,going
U0129,E0053,2026-01-17T10:41:41.187294,going
U0129,E0023,2026-02-24T10:41:41.187296,going
U0129,E0133,2026-01-09T10:41:41.187299,interested
U0130,E0127,2026-01-14T10:41:41.187773,going
U0130,E0019,2025-12-29T10:41:41.187776,going
U0130,E0119,2026-01-17T10:41:41.187779,going
U0130,E0024,2026-01-13T10:41:41.187782,going
U0130,E0104,2026-01-30T10:41:41.187785,interested
U0131,E0047,2026-01-27T10:41:41.188199,interested
U0131,E0069,2026-01-27T10:41:41.188202,interested
U0132,E0082,2026-02-08T10:41:41.188624,interested
U0133,E0101,2026-02-06T10:41:41.189080,going
U0133,E0092,2026-01-02T10:41:41.189083,interested
U0133,E0082,2026-02-01T10:41:41.189086,going
U0134,E0090,2026-01-12T10:41:41.189629,interested
U0134,E0070,2026-01-09T10:41:41.189632,interested
U0134,E0022,2025-12-29T10:41:41.189635,going
U0134,E0028,2026-02-19T10:41:41.189638,interested
U0134,E0121,2026-01-17T10:41:41.189641,going
U0134,E0009,2026-02-12T10:41:41.189643,going
U0134,E0100,2026-01-10T10:41:41.189646,going
U0134,E0004,2026-02-20T10:41:41.189649,interested
U0134,E0124,2026-01-18T10:41:41.189651,going
U0134,E0060,2025-12-30T10:41:41.189654,interested
U0134,E0037,2026-02-06T10:41:41.189656,going
U0135,E0101,2026-01-25T10:41:41.190119,going
U0135,E0038,2026-02-17T10:41:41.190122,going
U0136,E0070,2026-02-03T10:41:41.190551,interested
U0136,E0102,2026-02-08T10:41:41.190554,going
U0136,E0100,2026-01-02T10:41:41.190556,going
U0136,E0018,2026-01-22T10:41:41.190559,going
U0136,E0121,2025-12-28T10:41:41.190562,interested
U0136,E0025,2026-02-07T10:41:41.190564,going
U0137,E0022,2026-01-26T10:41:41.191085,going
U0137,E0094,2026-02-21T10:41:41.191088,interested
U0137,E0014,2026-02-24T10:41:41.191091,interested
U0137,E0106,2026-01-01T10:41:41.191093,going
U0137,E0060,2026-02-24T10:41:41.191096,interested
U0137,E0083,2026-01-25T10:41:41.191106,interested
U0137,E0025,2026-02-24T10:41:41.191109,going
U0137,E0080,2026-01-20T10:41:41.191111,going
U0138,E0022,2026-02-17T10:41:41.191543,going
U0138,E0147,2026-02-17T10:41:41.191546,going
U0139,E0125,2026-02-19T10:41:41.192060,going
U0139,E0009,2026-01-28T10:41:41.192063,interested
U0139,E0049,2026-02-09T10:41:41.192066,going
U0139,E0014,2026-02-09T10:41:41.192068,going
U0139,E0045,2026-01-03T10:41:41.192071,interested
U0139,E0106,2025-12-27T10:41:41.192073,interested
U0139,E0080,2026-01-11T10:41:41.192076,interested
U0139,E0032,2026-01-03T10:41:41.192078,interested
U0139,E0030,2026-02-18T10:41:41.192081,going
U0139,E0043,2026-01-05T10:41:41.192084,going
U0139,E0051,2026-02-14T10:41:41.192097,interested
U0139,E0002,2026-02-01T10:41:41.192100,going
U0139,E0025,2026-02-19T10:41:41.192103,interested
U0139,E0102,2026-02-21T10:41:41.192105,going
U0140,E0043,2025-12-31T10:41:41.192568,going
U0141,E0011,2026-01-27T10:41:41.192991,going
U0141,E0067,2025-12-29T10:41:41.192994,going
U0141,E0092,2026-01-30T10:41:41.192997,interested
U0142,E0117,2026-01-19T10:41:41.193506,going
U0142,E0115,2026-02-19T10:41:41.193509,going
U0142,E0050,2026-02-14T10:41:41.193512,going
U0143,E0127,2026-01-05T10:41:41.193956,interested
U0144,E0049,2026-01-07T10:41:41.194465,going
U0144,E0078,2026-01-29T10:41:41.194468,going
U0144,E0039,2026-02-06T10:41:41.194471,going
U0144,E0070,2026-02-03T10:41:41.194474,interested
U0144,E0008,2026-01-08T10:41:41.194476,interested
U0144,E0045,2026-01-08T10:41:41.194479,going
U0144,E0028,2026-02-03T10:41:41.194482,going
U0144,E0054,2026-01-26T10:41:41.194484,interested
U0144,E0148,2026-01-24T10:41:41.194487,going
U0144,E0121,2026-02-04T10:41:41.194489,going
U0144,E0106,2026-01-03T10:41:41.194492,going
U0144,E0147,2026-02-01T10:41:41.194495,going
U0144,E0056,2026-01-05T10:41:41.194497,going
U0144,E0072,2026-01-02T10:41:41.194500,interested
U0144,E0109,2026-01-30T10:41:41.194503,going
U0145,E0043,2026-01-16T10:41:41.194969,going
U0145,E0061,2026-02-04T10:41:41.194972,interested
U0145,E0009,2026-01-04T10:41:41.194975,going
U0145,E0112,2026-02-10T10:41:41.194977,going
U0145,E0079,2026-02-05T10:41:41.194980,interested
U0145,E0074,2026-02-21T10:41:41.194982,going
U0146,E0082,2026-01-27T10:41:41.195454,interested
U0146,E0117,2026-01-05T10:41:41.195457,interested
U0146,E0080,2026-02-24T10:41:41.195460,going
U0147,E0135,2026-02-14T10:41:41.195912,going
U0147,E0147,2026-01-25T10:41:41.195919,going
U0148,E0144,2026-02-02T10:41:41.196413,going
U0148,E0077,2026-01-15T10:41:41.196416,interested
U0148,E0138,2026-01-16T10:41:41.196419,going
U0149,E0038,2025-12-27T10:41:41.196886,interested
U0149,E0092,2026-01-24T10:41:41.196889,interested
U0149,E0067,2026-01-05T10:41:41.196892,interested
U0149,E0091,2026-01-26T10:41:41.196895,going
U0149,E0016,2026-01-01T10:41:41.196897,interested
U0149,E0117,2026-02-03T10:41:41.196900,interested
U0150,E0136,2025-12-29T10:41:41.197373,interested
U0150,E0117,2026-02-22T10:41:41.197376,going
U0150,E0021,2026-02-09T10:41:41.197379,interested
U0150,E0073,2025-12-27T10:41:41.197389,going
U0151,E0103,2026-01-17T10:41:41.197855,going
U0151,E0049,2026-02-09T10:41:41.197858,going
U0151,E0142,2026-01-23T10:41:41.197861,going
U0152,E0037,2026-02-16T10:41:41.198295,going
U0153,E0131,2026-02-07T10:41:41.198760,going
U0153,E0057,2026-01-08T10:41:41.198764,going
U0153,E0118,2026-01-26T10:41:41.198766,going
U0154,E0144,2026-02-18T10:41:41.199248,going
U0154,E0120,2026-01-31T10:41:41.199253,going
U0155,E0147,2026-01-25T10:41:41.199727,interested
U0155,E0140,2026-01-06T10:41:41.199730,interested
U0155,E0097,2026-01-17T10:41:41.199733,interested
U0156,E0082,2026-02-07T10:41:41.200195,going
U0156,E0118,2026-01-26T10:41:41.200198,interested
U0156,E0080,2026-02-11T10:41:41.200201,going
U0156,E0034,2026-01-22T10:41:41.200210,interested
U0156,E0089,2026-02-01T10:41:41.200213,going
U0156,E0142,2026-01-30T10:41:41.200215,interested
U0157,E0124,2026-02-09T10:41:41.200720,interested
U0157,E0049,2026-01-28T10:41:41.200723,going
U0157,E0067,2026-02-22T10:41:41.200726,interested
U0157,E0071,2026-01-14T10:41:41.200729,going
U0157,E0066,2026-02-03T10:41:41.200731,going
U0157,E0056,2026-02-02T10:41:41.200734,going
U0158,E0004,2026-02-02T10:41:41.201184,going
U0159,E0117,2026-01-08T10:41:41.201630,going
U0159,E0042,2025-12-31T10:41:41.201633,going
U0159,E0033,2025-12-31T10:41:41.201636,going
U0160,E0114,2026-01-19T10:41:41.202150,interested
U0160,E0127,2026-02-13T10:41:41.202153,interested
U0160,E0023,2026-02-03T10:41:41.202156,interested
U0160,E0056,2026-01-11T10:41:41.202166,interested
U0160,E0052,2026-02-08T10:41:41.202169,going
U0160,E0007,2026-01-18T10:41:41.202171,going
U0160,E0054,2026-01-18T10:41:41.202174,interested
U0160,E0148,2026-02-20T10:41:41.202177,going
U0160,E0076,2026-01-17T10:41:41.202179,interested
U0160,E0143,2026-01-30T10:41:41.202182,interested
U0160,E0084,2026-02-11T10:41:41.202195,going
U0160,E0095,2026-02-21T10:41:41.202198,going
U0160,E0077,2026-01-30T10:41:41.202200,going
U0160,E0139,2026-01-31T10:41:41.202203,going
U0160,E0125,2026-01-10T10:41:41.202209,going
U0161,E0081,2026-02-10T10:41:41.202644,interested
U0161,E0053,2026-01-03T10:41:41.202647,interested
U0161,E0086,2026-01-27T10:41:41.202650,interested
U0161,E0039,2026-01-08T10:41:41.202653,going
U0161,E0122,2026-01-29T10:41:41.202655,going
U0161,E0064,2026-02-12T10:41:41.202658,interested
U0162,E0117,2026-01-14T10:41:41.203101,going
U0163,E0086,2026-01-07T10:41:41.203552,interested
U0163,E0048,2026-01-18T10:41:41.203555,going
U0163,E0053,2026-02-17T10:41:41.203558,interested
U0163,E0127,2026-01-31T10:41:41.203561,going
U0163,E0077,2026-01-22T10:41:41.203563,going
U0163,E0024,2026-02-17T10:41:41.203566,interested
U0164,E0087,2026-02-03T10:41:41.204033,interested
U0164,E0047,2026-02-19T10:41:41.204036,going
U0165,E0046,2026-01-11T10:41:41.204464,going
U0166,E0022,2026-02-20T10:41:41.204986,going
U0166,E0032,2025-12-29T10:41:41.204989,going
U0166,E0132,2026-02-24T10:41:41.204992,going
U0166,E0087,2026-01-02T10:41:41.204994,interested
U0166,E0108,2026-01-29T10:41:41.204997,interested
U0166,E0030,2026-01-04T10:41:41.205000,going
U0166,E0100,2026-01-15T10:41:41.205002,interested
U0166,E0043,2026-02-14T10:41:41.205005,interested
U0166,E0079,2026-02-10T10:41:41.205008,interested
U0166,E0037,2026-01-17T10:41:41.205010,interested
U0166,E0121,2026-02-19T10:41:41.205013,interested
U0167,E0136,2026-01-27T10:41:41.205487,going
U0167,E0052,2026-01-31T10:41:41.205490,going
U0167,E0118,2026-02-17T10:41:41.205493,going
U0168,E0101,2026-02-07T10:41:41.206016,going
U0168,E0102,2026-01-27T10:41:41.206019,going
U0168,E0043,2026-01-04T10:41:41.206022,going
U0168,E0016,2026-01-21T10:41:41.206025,going
U0168,E0050,2026-02-18T10:41:41.206028,going
U0168,E0106,2026-01-05T10:41:41.206030,going
U0168,E0047,2026-01-27T10:41:41.206033,going
U0169,E0043,2026-02-23T10:41:41.206497,going
U0169,E0016,2026-02-10T10:41:41.206500,interested
U0169,E0106,2025-12-31T10:41:41.206503,going
U0169,E0042,2026-02-19T10:41:41.206505,interested
U0169,E0052,2025-12-31T10:41:41.206508,going
U0170,E0023,2026-01-01T10:41:41.206998,interested
U0170,E0066,2025-12-27T10:41:41.207001,going
U0170,E0138,2026-02-16T10:41:41.207004,interested
U0170,E0033,2026-01-08T10:41:41.207007,going
U0170,E0149,2026-01-11T10:41:41.207010,going
U0171,E0117,2026-01-26T10:41:41.207565,going
U0171,E0092,2026-01-30T10:41:41.207568,going
U0171,E0074,2026-01-10T10:41:41.207570,interested
U0171,E0062,2026-01-07T10:41:41.207573,going
U0171,E0037,2026-01-24T10:41:41.207576,going
U0171,E0022,2025-12-30T10:41:41.207578,going
U0171,E0038,2026-01-09T10:41:41.207581,going
U0171,E0023,2025-12-30T10:41:41.207583,going
U0171,E0053,2026-01-22T10:41:41.207586,going
U0171,E0013,2026-01-02T10:41:41.207589,interested
U0171,E0043,2025-12-31T10:41:41.207591,going
U0171,E0122,2026-02-19T10:41:41.207594,going
U0172,E0027,2026-01-24T10:41:41.208134,going
U0172,E0142,2026-02-23T10:41:41.208137,going
U0172,E0063,2026-01-21T10:41:41.208140,going
U0172,E0011,2026-01-11T10:41:41.208143,interested
U0172,E0006,2026-01-01T10:41:41.208145,going
U0172,E0044,2026-02-20T10:41:41.208148,interested
U0172,E0033,2026-01-03T10:41:41.208151,going
U0173,E0149,2026-01-05T10:41:41.208699,going
U0173,E0082,2025-12-29T10:41:41.208702,going
U0173,E0127,2025-12-29T10:41:41.208705,going
U0173,E0098,2026-01-21T10:41:41.208708,interested
U0173,E0063,2025-12-28T10:41:41.208711,interested
U0173,E0029,2026-02-03T10:41:41.208713,interested
U0173,E0017,2026-01-25T10:41:41.208716,going
U0174,E0138,2026-01-31T10:41:41.209279,interested
U0174,E0068,2026-01-23T10:41:41.209282,going
U0174,E0130,2026-01-28T10:41:41.209285,going
U0174,E0144,2026-01-06T10:41:41.209288,going
U0174,E0096,2026-01-12T10:41:41.209291,interested
U0175,E0061,2026-01-03T10:41:41.209777,interested
U0175,E0021,2026-01-19T10:41:41.209780,going
U0175,E0012,2026-02-22T10:41:41.209783,going
U0176,E0065,2026-02-20T10:41:41.210635,going
U0176,E0139,2026-01-30T10:41:41.210655,interested
U0176,E0067,2026-01-15T10:41:41.210659,going
U0176,E0105,2026-02-18T10:41:41.210666,going
U0176,E0024,2026-01-23T10:41:41.210669,going
U0176,E0095,2026-02-04T10:41:41.210672,interested
U0176,E0084,2026-02-08T10:41:41.210675,interested
U0176,E0119,2026-01-20T10:41:41.210678,going
U0176,E0110,2026-01-18T10:41:41.210680,going
U0176,E0127,2026-01-06T10:41:41.210683,interested
U0176,E0120,2026-01-15T10:41:41.210686,interested
U0176,E0081,2026-02-21T10:41:41.210689,interested
U0176,E0078,2026-02-21T10:41:41.210692,interested
U0176,E0086,2026-01-01T10:41:41.210694,going
U0176,E0059,2026-01-27T10:41:41.210699,going
U0177,E0038,2026-01-09T10:41:41.211774,interested
U0177,E0067,2026-02-21T10:41:41.211797,going
U0178,E0127,2026-01-28T10:41:41.212743,going
U0179,E0043,2026-01-21T10:41:41.215201,going
U0180,E0123,2025-12-30T10:41:41.215840,interested
U0180,E0088,2026-02-19T10:41:41.215844,going
U0180,E0098,2025-12-30T10:41:41.215853,going
U0180,E0036,2026-02-18T10:41:41.215857,going
U0180,E0133,2026-01-19T10:41:41.215859,interested
U0180,E0136,2026-02-10T10:41:41.215862,going
U0180,E0027,2025-12-27T10:41:41.215864,going
U0180,E0015,2026-02-23T10:41:41.215867,going
U0180,E0047,2026-01-26T10:41:41.215870,going
U0180,E0023,2026-01-13T10:41:41.215873,going
U0180,E0080,2026-01-07T10:41:41.215875,interested
U0180,E0037,2026-02-20T10:41:41.215878,going
U0180,E0009,2026-01-30T10:41:41.215880,going
U0180,E0130,2026-02-14T10:41:41.215883,going
U0180,E0093,2026-02-12T10:41:41.215885,going
U0181,E0015,2026-02-06T10:41:41.216339,interested
U0181,E0118,2026-02-11T10:41:41.216343,going
U0182,E0030,2026-01-26T10:41:41.217399,going
U0182,E0125,2026-02-14T10:41:41.217415,going
U0182,E0043,2026-01-31T10:41:41.217422,going
U0182,E0070,2026-01-08T10:41:41.217427,interested
U0182,E0112,2026-02-10T10:41:41.217433,going
U0182,E0018,2026-01-10T10:41:41.217438,interested
U0183,E0136,2026-02-19T10:41:41.218594,interested
U0183,E0129,2026-01-10T10:41:41.218654,going
U0183,E0124,2026-01-01T10:41:41.218669,going
U0183,E0080,2026-01-20T10:41:41.218673,going
U0183,E0050,2026-02-08T10:41:41.218676,interested
U0183,E0016,2026-01-27T10:41:41.218679,going
U0183,E0013,2025-12-30T10:41:41.218682,going
U0183,E0002,2026-02-22T10:41:41.218685,going
U0183,E0121,2026-02-12T10:41:41.218688,interested
U0184,E0106,2026-02-03T10:41:41.219756,going
U0184,E0118,2026-02-16T10:41:41.219762,going
U0184,E0088,2026-01-31T10:41:41.219766,going
U0184,E0049,2025-12-28T10:41:41.219768,going
U0184,E0037,2025-12-30T10:41:41.219771,going
U0184,E0047,2025-12-31T10:41:41.219774,interested
U0184,E0045,2026-01-16T10:41:41.219776,going
U0184,E0092,2025-12-31T10:41:41.219779,going
U0184,E0006,2026-02-14T10:41:41.219782,going
U0184,E0038,2026-01-08T10:41:41.219784,going
U0184,E0101,2026-02-11T10:41:41.219787,going
U0184,E0013,2026-01-17T10:41:41.219790,going
U0184,E0028,2026-01-11T10:41:41.219793,interested
U0186,E0028,2026-01-21T10:41:41.220920,going
U0186,E0036,2026-01-23T10:41:41.220924,interested
U0186,E0140,2026-01-07T10:41:41.220927,interested
U0188,E0118,2026-01-11T10:41:41.221985,going
U0188,E0131,2026-01-24T10:41:41.221992,interested
U0188,E0070,2026-01-16T10:41:41.221995,going
U0188,E0057,2025-12-28T10:41:41.221997,going
U0188,E0082,2026-02-06T10:41:41.222000,interested
U0188,E0087,2026-02-15T10:41:41.222003,interested
U0188,E0025,2025-12-29T10:41:41.222005,going
U0188,E0112,2026-02-08T10:41:41.222008,going
U0188,E0011,2026-01-10T10:41:41.222011,interested
U0188,E0013,2026-01-26T10:41:41.222013,interested
U0188,E0028,2026-02-15T10:41:41.222016,going
U0189,E0117,2026-01-09T10:41:41.222574,going
U0189,E0016,2026-01-01T10:41:41.222577,going
U0189,E0006,2026-02-15T10:41:41.222580,going
U0189,E0082,2025-12-28T10:41:41.222583,going
U0189,E0042,2026-02-24T10:41:41.222585,interested
U0189,E0067,2026-02-20T10:41:41.222588,going
U0189,E0050,2026-01-01T10:41:41.222591,going
U0189,E0058,2026-02-20T10:41:41.222593,interested
U0189,E0038,2026-01-19T10:41:41.222596,going
U0189,E0044,2026-02-14T10:41:41.222598,going
U0189,E0005,2026-02-11T10:41:41.222601,going
U0189,E0101,2026-01-18T10:41:41.222604,interested
U0189,E0118,2026-01-31T10:41:41.222606,going
U0189,E0066,2026-01-30T10:41:41.222609,going
U0189,E0052,2026-02-17T10:41:41.222612,interested
U0190,E0016,2026-02-08T10:41:41.223129,going
U0190,E0106,2026-01-15T10:41:41.223133,going
U0190,E0113,2026-02-06T10:41:41.223136,interested
U0190,E0064,2026-01-26T10:41:41.223139,going
U0190,E0071,2026-02-06T10:41:41.223142,going
U0191,E0147,2026-01-15T10:41:41.223751,going
U0191,E0127,2026-02-10T10:41:41.223759,interested
U0191,E0050,2026-01-01T10:41:41.223761,going
U0191,E0117,2026-01-25T10:41:41.223764,going
U0191,E0136,2026-01-14T10:41:41.223767,going
U0192,E0116,2026-01-12T10:41:41.224244,going
U0192,E0147,2026-02-08T10:41:41.224250,going
U0193,E0060,2026-01-23T10:41:41.224695,interested
U0194,E0109,2026-02-22T10:41:41.225178,going
U0194,E0110,2026-01-14T10:41:41.225181,interested
U0194,E0105,2026-02-04T10:41:41.225184,going
U0195,E0021,2026-01-07T10:41:41.225636,going
U0195,E0098,2026-01-02T10:41:41.225639,going
U0195,E0115,2026-02-02T10:41:41.225641,interested
U0195,E0046,2025-12-29T10:41:41.225644,interested
U0195,E0138,2025-12-27T10:41:41.225647,interested
U0195,E0149,2026-02-05T10:41:41.225649,going
U0197,E0143,2026-02-09T10:41:41.226622,interested
U0197,E0147,2026-01-13T10:41:41.226625,interested
U0197,E0087,2026-01-15T10:41:41.226628,going
U0197,E0039,2026-02-13T10:41:41.226631,going
U0198,E0039,2026-02-05T10:41:41.227099,going
U0198,E0010,2026-01-30T10:41:41.227102,interested
U0198,E0086,2026-02-04T10:41:41.227105,going
U0198,E0122,2026-02-20T10:41:41.227107,interested
U0198,E0053,2026-01-18T10:41:41.227110,going
U0198,E0081,2026-01-13T10:41:41.227113,going
U0198,E0140,2026-02-02T10:41:41.227115,going
