user_id,artist_id,timestamp
U0000,A0024,2026-02-20T10:41:41.129925
U0000,A0072,2026-01-12T10:41:41.129929
U0000,A0045,2026-02-14T10:41:41.129932
U0000,A0053,2026-02-06T10:41:41.129935
U0000,A0077,2025-12-10T10:41:41.129937
U0000,A0049,2026-02-05T10:41:41.129940
U0000,A0081,2025-12-23T10:41:41.129942
U0000,A0022,2026-01-03T10:41:41.129945
U0000,A0027,2026-01-06T10:41:41.129947
U0000,A0046,2026-01-25T10:41:41.129950
U0001,A0057,2025-12-06T10:41:41.130360
U0001,A0086,2026-02-18T10:41:41.130363
U0001,A0072,2026-01-16T10:41:41.130365
U0001,A0040,2026-02-12T10:41:41.130368
U0001,A0053,2025-12-28T10:41:41.130371
U0001,A0018,2025-12-08T10:41:41.130373
U0001,A0049,2026-02-03T10:41:41.130375
U0001,A0008,2025-12-11T10:41:41.130377
U0002,A0062,2025-12-03T10:41:41.130792
U0002,A0019,2025-12-25T10:41:41.130795
U0002,A0060,2025-12-12T10:41:41.130797
U0002,A0099,2025-11-27T10:41:41.130800
U0002,A0034,2026-01-29T10:41:41.130802
U0003,A0010,2025-12-11T10:41:41.131174
U0003,A0016,2026-01-07T10:41:41.131177
U0003,A0047,2026-02-13T10:41:41.131180
U0003,A0091,2026-02-24T10:41:41.131182
U0004,A0049,2026-01-16T10:41:41.131572
U0004,A0062,2025-11-29T10:41:41.131575
U0004,A0024,2025-12-30T10:41:41.131577
U0004,A0088,2026-01-27T10:41:41.131580
U0004,A0073,2025-12-16T10:41:41.131582
U0005,A0083,2026-02-20T10:41:41.131988
U0005,A0036,2026-01-30T10:41:41.131991
U0006,A0068,2025-12-15T10:41:41.132365
U0006,A0086,2026-02-19T10:41:41.132368
U0006,A0018,2025-12-12T10:41:41.132370
U0007,A0039,2025-12-24T10:41:41.132753
U0007,A0049,2026-01-17T10:41:41.132756
U0007,A0036,2025-12-07T10:41:41.132758
U0007,A0072,2025-12-08T10:41:41.132760
U0007,A0080,2026-01-09T10:41:41.132763
U0008,A0018,2026-01-03T10:41:41.133152
U0008,A0001,2025-12-28T10:41:41.133155
U0008,A0040,2025-12-20T10:41:41.133157
U0008,A0084,2025-11-29T10:41:41.133160
U0009,A0039,2026-02-19T10:41:41.133528
U0009,A0056,2025-12-01T10:41:41.133531
U0009,A0075,2025-12-30T10:41:41.133533
U0009,A0032,2026-01-20T10:41:41.133535
U0010,A0022,2025-12-28T10:41:41.133945
U0010,A0024,2026-02-24T10:41:41.133948
U0011,A0092,2025-11-28T10:41:41.134315
U0011,A0065,2026-01-08T10:41:41.134318
U0011,A0012,2026-01-15T10:41:41.134320
U0011,A0010,2025-12-10T10:41:41.134322
U0011,A0047,2026-01-01T10:41:41.134325
U0011,A0021,2025-12-05T10:41:41.134327
U0011,A0030,2026-01-24T10:41:41.134329
U0011,A0043,2026-02-19T10:41:41.134332
U0011,A0017,2025-12-08T10:41:41.134334
U0012,A0009,2025-12-14T10:41:41.134726
U0012,A0006,2025-12-24T10:41:41.134729
U0012,A0026,2025-12-28T10:41:41.134731
U0012,A0083,2025-12-27T10:41:41.134733
U0013,A0093,2026-01-01T10:41:41.135127
U0013,A0051,2025-12-22T10:41:41.135130
U0013,A0083,2025-12-08T10:41:41.135133
U0013,A0087,2025-12-31T10:41:41.135135
U0013,A0067,2026-02-05T10:41:41.135137
U0013,A0073,2025-12-25T10:41:41.135140
U0013,A0041,2026-02-22T10:41:41.135142
U0013,A0080,2026-01-07T10:41:41.135144
U0013,A0049,2026-01-01T10:41:41.135147
U0013,A0046,2026-02-14T10:41:41.135149
U0013,A0026,2026-01-17T10:41:41.135151
U0013,A0022,2025-12-10T10:41:41.135154
U0013,A0088,2025-12-18T10:41:41.135156
U0013,A0012,2026-02-05T10:41:41.135159
U0013,A0095,2025-12-16T10:41:41.135161
U0014,A0011,2026-02-03T10:41:41.135599
U0014,A0029,2025-12-29T10:41:41.135601
U0014,A0068,2026-02-10T10:41:41.135604
U0014,A0036,2025-12-25T10:41:41.135606
U0014,A0081,2025-12-02T10:41:41.135608
U0015,A0013,2026-02-15T10:41:41.136026
U0015,A0068,2025-12-16T10:41:41.136029
U0015,A0040,2026-01-23T10:41:41.136031
U0015,A0057,2026-01-22T10:41:41.136033
U0015,A0001,2026-01-07T10:41:41.136036
U0015,A0086,2025-12-03T10:41:41.136038
U0015,A0050,2026-02-04T10:41:41.136040
U0015,A0018,2026-01-04T10:41:41.136043
U0015,A0029,2025-12-28T10:41:41.136045
U0015,A0084,2026-02-14T10:41:41.136048
U0015,A0076,2026-01-23T10:41:41.136050
U0015,A0055,2025-11-30T10:41:41.136052
U0015,A0082,2026-01-01T10:41:41.136054
U0015,A0008,2025-11-28T10:41:41.136057
U0015,A0095,2026-02-06T10:41:41.136059
U0015,A0044,2025-12-18T10:41:41.136061
U0015,A0059,2026-01-29T10:41:41.136063
U0015,A0048,2026-02-15T10:41:41.136066
U0015,A0033,2025-12-06T10:41:41.136070
U0015,A0038,2026-01-21T10:41:41.136072
U0015,A0080,2025-12-05T10:41:41.136074
U0015,A0002,2025-11-27T10:41:41.136077
U0015,A0009,2025-12-04T10:41:41.136079
U0015,A0070,2026-01-31T10:41:41.136081
U0015,A0073,2026-01-08T10:41:41.136084
U0015,A0085,2025-12-14T10:41:41.136086
U0016,A0094,2026-01-14T10:41:41.136545
U0016,A0009,2026-01-04T10:41:41.136548
U0016,A0003,2025-12-22T10:41:41.136550
U0016,A0099,2026-01-06T10:41:41.136553
U0016,A0035,2026-02-08T10:41:41.136555
U0016,A0060,2026-02-10T10:41:41.136557
U0016,A0019,2026-02-11T10:41:41.136560
U0016,A0020,2026-02-22T10:41:41.136562
U0016,A0089,2026-02-08T10:41:41.136565
U0016,A0031,2026-02-05T10:41:41.136567
U0016,A0000,2026-01-11T10:41:41.136569
U0016,A0071,2025-12-22T10:41:41.136572
U0016,A0090,2026-02-23T10:41:41.136574
U0016,A0002,2025-11-29T10:41:41.136576
U0016,A0052,2026-01-25T10:41:41.136578
U0016,A0004,2026-02-18T10:41:41.136581
U0016,A0062,2025-11-30T10:41:41.136583
U0016,A0072,2026-01-12T10:41:41.136585
U0016,A0098,2026-01-01T10:41:41.136588
U0016,A0028,2025-12-10T10:41:41.136590
U0016,A0034,2026-02-23T10:41:41.136592
U0017,A0018,2025-12-09T10:41:41.137034
U0017,A0001,2025-12-16T10:41:41.137037
U0017,A0068,2026-01-29T10:41:41.137040
U0017,A0040,2025-12-30T10:41:41.137042
U0017,A0055,2026-01-27T10:41:41.137044
U0017,A0042,2026-01-14T10:41:41.137046
U0017,A0007,2026-01-21T10:41:41.137049
U0018,A0062,2026-01-22T10:41:41.137458
U0018,A0098,2025-12-13T10:41:41.137461
U0018,A0052,2025-12-22T10:41:41.137463
U0018,A0009,2026-01-16T10:41:41.137466
U0018,A0063,2026-01-26T10:41:41.137468
U0018,A0099,2026-01-01T10:41:41.137471
U0018,A0031,2026-02-04T10:41:41.137473
U0019,A0055,2025-12-09T10:41:41.137854
U0019,A0040,2025-12-24T10:41:41.137856
U0019,A0084,2026-01-28T10:41:41.137859
U0019,A0001,2025-11-27T10:41:41.137869
U0020,A0093,2026-02-23T10:41:41.138270
U0020,A0006,2025-12-06T10:41:41.138272
U0020,A0038,2025-12-11T10:41:41.138275
U0020,A0067,2026-02-05T10:41:41.138277
U0020,A0044,2026-02-21T10:41:41.138279
U0021,A0068,2026-02-07T10:41:41.138686
U0021,A0001,2025-12-12T10:41:41.138698
U0021,A0038,2025-12-28T10:41:41.138701
U0021,A0086,2026-02-09T10:41:41.138703
U0021,A0084,2026-02-08T10:41:41.138705
U0022,A0063,2026-01-07T10:41:41.139082
U0022,A0088,2025-12-05T10:41:41.139085
U0022,A0092,2026-02-11T10:41:41.139087
U0022,A0051,2026-01-20T10:41:41.139089
U0022,A0047,2025-12-06T10:41:41.139092
U0022,A0005,2025-11-30T10:41:41.139094
U0022,A0052,2025-12-17T10:41:41.139097
U0022,A0083,2025-12-29T10:41:41.139099
U0022,A0078,2025-12-19T10:41:41.139102
U0022,A0060,2026-02-02T10:41:41.139104
U0022,A0070,2026-01-22T10:41:41.139107
U0023,A0018,2025-12-22T10:41:41.139523
U0024,A0011,2025-11-27T10:41:41.139886
U0024,A0045,2026-01-01T10:41:41.139900
U0024,A0088,2025-12-16T10:41:41.139902
U0024,A0049,2026-02-07T10:41:41.139904
U0024,A0057,2026-02-10T10:41:41.139907
U0024,A0076,2025-12-30T10:41:41.139909
U0024,A0086,2026-02-09T10:41:41.139911
U0024,A0030,2025-12-08T10:41:41.139913
U0024,A0036,2026-01-08T10:41:41.139916
U0024,A0017,2026-01-10T10:41:41.139918
U0024,A0022,2026-01-31T10:41:41.139920
U0024,A0007,2026-01-12T10:41:41.139927
U0024,A0073,2025-12-31T10:41:41.139929
U0024,A0013,2026-02-17T10:41:41.139932
U0024,A0079,2026-01-25T10:41:41.139934
U0024,A0053,2026-01-26T10:41:41.139936
U0025,A0052,2026-01-24T10:41:41.140382
U0025,A0063,2026-01-09T10:41:41.140385
U0025,A0098,2026-01-26T10:41:41.140387
U0025,A0019,2025-12-28T10:41:41.140390
U0025,A0094,2026-01-15T10:41:41.140392
U0025,A0058,2026-02-10T10:41:41.140394
U0025,A0009,2025-11-28T10:41:41.140396
U0026,A0052,2025-12-20T10:41:41.140783
U0026,A0002,2026-01-15T10:41:41.140786
U0026,A0062,2026-01-31T10:41:41.140788
U0026,A0099,2025-12-15T10:41:41.140791
U0026,A0070,2025-12-02T10:41:41.140793
U0027,A0053,2026-01-26T10:41:41.141177
U0027,A0008,2026-02-17T10:41:41.141180
U0027,A0025,2025-12-23T10:41:41.141183
U0027,A0009,2026-01-23T10:41:41.141185
U0028,A0052,2026-02-23T10:41:41.141590
U0028,A0051,2025-12-01T10:41:41.141592
U0028,A0094,2026-01-04T10:41:41.141595
U0028,A0099,2026-01-02T10:41:41.141602
U0028,A0003,2025-12-01T10:41:41.141605
U0028,A0010,2025-12-01T10:41:41.141607
U0028,A0070,2026-02-17T10:41:41.141609
U0028,A0098,2026-02-16T10:41:41.141612
U0029,A0099,2026-01-05T10:41:41.142012
U0029,A0019,2026-02-15T10:41:41.142015
U0029,A0091,2025-12-04T10:41:41.142017
U0029,A0030,2026-01-26T10:41:41.142019
U0029,A0078,2026-02-07T10:41:41.142022
U0030,A0012,2025-12-12T10:41:41.142417
U0030,A0021,2026-02-03T10:41:41.142419
U0030,A0069,2025-12-07T10:41:41.142422
U0031,A0008,2026-02-05T10:41:41.142808
U0031,A0022,2025-12-11T10:41:41.142811
U0031,A0014,2025-12-22T10:41:41.142814
U0031,A0053,2026-01-15T10:41:41.142816
U0031,A0027,2025-12-20T10:41:41.142818
U0031,A0046,2026-01-08T10:41:41.142821
U0032,A0070,2026-02-05T10:41:41.143227
U0032,A0098,2026-02-05T10:41:41.143230
U0032,A0062,2025-12-11T10:41:41.143232
U0033,A0021,2026-01-29T10:41:41.143609
U0033,A0010,2025-12-02T10:41:41.143611
U0033,A0041,2026-01-18T10:41:41.143614
U0033,A0042,2026-01-08T10:41:41.143616
U0033,A0006,2025-12-07T10:41:41.143619
U0033,A0085,2026-01-02T10:41:41.143622
U0033,A0005,2026-02-04T10:41:41.143624
U0033,A0069,2026-01-02T10:41:41.143626
U0033,A0044,2026-02-02T10:41:41.143628
U0033,A0047,2026-02-02T10:41:41.143631
U0033,A0043,2025-12-20T10:41:41.143633
U0033,A0038,2026-02-05T10:41:41.143635
U0033,A0065,2025-12-01T10:41:41.143638
U0033,A0059,2026-02-01T10:41:41.143640
U0034,A0029,2026-01-23T10:41:41.144073
U0034,A0086,2026-02-10T10:41:41.144076
U0035,A0082,2025-11-28T10:41:41.144458
U0035,A0077,2026-02-07T10:41:41.144461
U0035,A0022,2026-01-14T10:41:41.144464
U0035,A0072,2025-11-27T10:41:41.144466
U0035,A0050,2026-01-24T10:41:41.144468
U0035,A0018,2025-12-18T10:41:41.144471
U0036,A0084,2026-01-15T10:41:41.144879
U0036,A0052,2026-02-15T10:41:41.144883
U0036,A0094,2026-01-29T10:41:41.144885
U0036,A0055,2025-12-23T10:41:41.144887
U0036,A0018,2026-01-29T10:41:41.144890
U0037,A0044,2025-12-02T10:41:41.145284
U0037,A0095,2025-12-07T10:41:41.145287
U0037,A0038,2026-01-09T10:41:41.145289
U0037,A0085,2025-12-27T10:41:41.145292
U0037,A0006,2025-12-16T10:41:41.145294
U0037,A0018,2026-01-03T10:41:41.145296
U0038,A0051,2025-12-13T10:41:41.145689
U0038,A0087,2026-01-25T10:41:41.145692
U0039,A0069,2025-12-13T10:41:41.146074
U0039,A0041,2026-01-26T10:41:41.146077
U0039,A0018,2025-12-11T10:41:41.146080
U0039,A0005,2025-12-08T10:41:41.146082
U0040,A0078,2025-12-07T10:41:41.146497
U0040,A0097,2026-02-18T10:41:41.146500
U0040,A0061,2026-02-23T10:41:41.146502
U0040,A0091,2026-01-20T10:41:41.146507
U0040,A0016,2026-02-24T10:41:41.146509
U0040,A0007,2026-01-17T10:41:41.146511
U0040,A0030,2025-12-30T10:41:41.146590
U0040,A0054,2026-01-07T10:41:41.146592
U0040,A0079,2025-12-14T10:41:41.146595
U0040,A0026,2026-02-04T10:41:41.146597
U0040,A0094,2026-02-12T10:41:41.146599
U0041,A0078,2025-12-24T10:41:41.147013
U0041,A0017,2026-02-21T10:41:41.147016
U0041,A0097,2026-01-07T10:41:41.147018
U0041,A0027,2026-02-20T10:41:41.147020
U0042,A0094,2026-01-18T10:41:41.147427
U0042,A0052,2025-12-05T10:41:41.147430
U0042,A0098,2026-01-24T10:41:41.147432
U0042,A0019,2026-01-29T10:41:41.147435
U0042,A0007,2025-12-10T10:41:41.147437
U0042,A0028,2025-12-05T10:41:41.147439
U0042,A0031,2026-01-12T10:41:41.147442
U0042,A0000,2026-02-01T10:41:41.147444
U0042,A0003,2025-12-04T10:41:41.147446
U0042,A0054,2025-12-23T10:41:41.147449
U0042,A0058,2026-01-08T10:41:41.147451
U0043,A0009,2026-02-07T10:41:41.147864
U0043,A0052,2026-02-24T10:41:41.147867
U0043,A0099,2026-01-19T10:41:41.147869
U0043,A0025,2025-12-28T10:41:41.147872
U0044,A0040,2026-02-17T10:41:41.148262
U0044,A0018,2025-12-31T10:41:41.148265
U0044,A0099,2026-01-04T10:41:41.148267
U0045,A0099,2026-01-28T10:41:41.148686
U0045,A0086,2025-12-18T10:41:41.148689
U0045,A0020,2025-12-02T10:41:41.148691
U0046,A0098,2025-11-29T10:41:41.149088
U0046,A0019,2025-12-21T10:41:41.149091
U0046,A0068,2026-01-25T10:41:41.149094
U0046,A0040,2026-01-03T10:41:41.149096
U0047,A0069,2025-12-24T10:41:41.149509
U0047,A0010,2026-01-28T10:41:41.149527
U0047,A0005,2026-01-03T10:41:41.149530
U0047,A0012,2026-01-13T10:41:41.149532
U0047,A0092,2026-02-12T10:41:41.149534
U0047,A0043,2026-02-13T10:41:41.149537
U0047,A0047,2025-12-22T10:41:41.149539
U0048,A0051,2026-01-04T10:41:41.149955
U0048,A0067,2026-01-07T10:41:41.149958
U0048,A0087,2025-12-14T10:41:41.149960
U0048,A0093,2026-02-09T10:41:41.149962
U0048,A0083,2026-01-25T10:41:41.149965
U0049,A0018,2026-01-03T10:41:41.150368
U0049,A0001,2025-12-16T10:41:41.150371
U0049,A0040,2025-12-19T10:41:41.150373
U0049,A0095,2026-02-23T10:41:41.150376
U0049,A0068,2026-02-23T10:41:41.150378
U0049,A0084,2026-02-01T10:41:41.150381
U0050,A0072,2026-02-06T10:41:41.150788
U0050,A0045,2025-12-31T10:41:41.150790
U0050,A0049,2026-01-04T10:41:41.150793
U0050,A0073,2025-12-14T10:41:41.150795
U0050,A0053,2025-12-15T10:41:41.150797
U0051,A0091,2026-02-03T10:41:41.151190
U0051,A0078,2025-12-12T10:41:41.151197
U0051,A0054,2026-01-14T10:41:41.151200
U0051,A0068,2026-02-18T10:41:41.151202
U0051,A0079,2026-02-06T10:41:41.151205
U0051,A0001,2026-01-05T10:41:41.151207
U0051,A0086,2026-01-18T10:41:41.151209
U0051,A0011,2025-12-21T10:41:41.151213
U0051,A0076,2026-02-19T10:41:41.151215
U0051,A0040,2026-02-12T10:41:41.151218
U0051,A0050,2025-12-31T10:41:41.151220
U0051,A0061,2026-01-20T10:41:41.151222
U0051,A0017,2026-01-19T10:41:41.151225
U0051,A0055,2026-02-18T10:41:41.151227
U0051,A0012,2026-01-25T10:41:41.151229
U0051,A0029,2025-12-29T10:41:41.151231
U0051,A0057,2026-01-29T10:41:41.151234
U0051,A0016,2025-11-29T10:41:41.151236
U0051,A0097,2026-01-23T10:41:41.151238
U0051,A0033,2026-02-11T10:41:41.151240
U0051,A0084,2026-01-05T10:41:41.151243
U0051,A0007,2025-12-26T10:41:41.151245
U0051,A0082,2025-12-18T10:41:41.151248
U0052,A0000,2025-11-28T10:41:41.151704
U0053,A0045,2026-02-11T10:41:41.152072
U0053,A0098,2026-02-07T10:41:41.152074
U0053,A0009,2026-01-31T10:41:41.152077
U0053,A0031,2026-02-16T10:41:41.152079
U0053,A0019,2026-02-08T10:41:41.152082
U0053,A0024,2026-01-30T10:41:41.152084
U0053,A0002,2025-12-09T10:41:41.152086
U0053,A0058,2026-02-06T10:41:41.152089
U0053,A0003,2025-12-04T10:41:41.152091
U0053,A0088,2026-02-24T10:41:41.152093
U0054,A0049,2026-01-28T10:41:41.152530
U0054,A0053,2026-02-20T10:41:41.152533
U0054,A0027,2026-01-18T10:41:41.152535
U0054,A0077,2025-12-13T10:41:41.152538
U0054,A0088,2026-01-31T10:41:41.152540
U0055,A0098,2026-01-01T10:41:41.152928
U0055,A0052,2025-12-10T10:41:41.152931
U0055,A0019,2026-01-23T10:41:41.152933
U0055,A0002,2025-12-23T10:41:41.152936
U0055,A0025,2026-02-21T10:41:41.152938
U0055,A0003,2026-01-29T10:41:41.152940
U0055,A0099,2026-02-09T10:41:41.152943
U0056,A0055,2025-12-11T10:41:41.153351
U0056,A0068,2026-01-21T10:41:41.153353
U0057,A0048,2026-01-24T10:41:41.153734
U0057,A0038,2025-11-27T10:41:41.153737
U0057,A0095,2025-12-12T10:41:41.153739
U0057,A0037,2026-01-05T10:41:41.153741
U0057,A0044,2025-11-27T10:41:41.153744
U0057,A0006,2025-12-07T10:41:41.153746
U0057,A0085,2025-12-16T10:41:41.153748
U0057,A0050,2025-12-30T10:41:41.153750
U0058,A0085,2025-12-03T10:41:41.154172
U0059,A0074,2026-01-18T10:41:41.154571
U0059,A0030,2026-01-31T10:41:41.154573
U0059,A0023,2026-01-08T10:41:41.154576
U0059,A0017,2026-01-06T10:41:41.154578
U0059,A0073,2026-02-13T10:41:41.154580
U0059,A0049,2026-01-19T10:41:41.154583
U0059,A0007,2026-02-17T10:41:41.154585
U0060,A0098,2025-12-14T10:41:41.155022
U0061,A0098,2025-12-17T10:41:41.155413
U0061,A0019,2026-01-10T10:41:41.155415
U0061,A0052,2026-01-11T10:41:41.155418
U0061,A0068,2026-01-24T10:41:41.155420
U0061,A0009,2026-01-08T10:41:41.155422
U0061,A0025,2025-11-29T10:41:41.155438
U0061,A0060,2025-12-14T10:41:41.155441
U0061,A0070,2026-01-12T10:41:41.155443
U0061,A0062,2026-02-06T10:41:41.155445
U0061,A0063,2026-02-19T10:41:41.155448
U0061,A0002,2026-01-09T10:41:41.155450
U0062,A0097,2026-01-02T10:41:41.155888
U0062,A0070,2026-01-09T10:41:41.155891
U0063,A0024,2026-02-13T10:41:41.156294
U0063,A0027,2026-01-12T10:41:41.156297
U0064,A0010,2025-12-20T10:41:41.156679
U0064,A0041,2025-12-09T10:41:41.156682
U0064,A0012,2025-12-09T10:41:41.156684
U0064,A0047,2026-02-02T10:41:41.156686
U0064,A0021,2026-02-24T10:41:41.156689
U0064,A0065,2026-01-19T10:41:41.156691
U0064,A0005,2026-01-09T10:41:41.156693
U0064,A0069,2025-12-26T10:41:41.156696
U0064,A0092,2025-11-28T10:41:41.156698
U0064,A0028,2025-11-28T10:41:41.156700
U0065,A0051,2026-02-20T10:41:41.157097
U0065,A0067,2025-12-14T10:41:41.157100
U0065,A0062,2025-12-20T10:41:41.157102
U0065,A0003,2025-12-26T10:41:41.157104
U0066,A0019,2026-02-16T10:41:41.157502
U0066,A0052,2026-02-06T10:41:41.157505
U0066,A0031,2025-12-08T10:41:41.157507
U0066,A0098,2026-01-27T10:41:41.157510
U0066,A0094,2025-12-14T10:41:41.157512
U0067,A0023,2026-02-01T10:41:41.157906
U0067,A0015,2026-01-22T10:41:41.157909
U0067,A0007,2026-02-18T10:41:41.157911
U0068,A0006,2026-02-15T10:41:41.158300
U0068,A0085,2026-01-13T10:41:41.158302
U0068,A0029,2025-12-02T10:41:41.158304
U0068,A0095,2026-01-22T10:41:41.158307
U0068,A0038,2025-12-07T10:41:41.158309
U0069,A0094,2026-01-16T10:41:41.158697
U0069,A0019,2026-02-11T10:41:41.158700
U0069,A0024,2026-02-24T10:41:41.158702
U0069,A0022,2026-02-15T10:41:41.158705
U0069,A0031,2026-01-31T10:41:41.158707
U0069,A0083,2026-02-05T10:41:41.158709
U0069,A0060,2025-12-02T10:41:41.158712
U0069,A0087,2025-12-22T10:41:41.158714
U0069,A0051,2026-02-04T10:41:41.158716
U0069,A0014,2026-01-30T10:41:41.158718
U0069,A0036,2026-01-27T10:41:41.158721
U0069,A0003,2025-12-09T10:41:41.158723
U0069,A0055,2026-02-05T10:41:41.158725
U0069,A0045,2026-02-12T10:41:41.158728
U0070,A0019,2026-02-08T10:41:41.159190
U0070,A0001,2026-02-10T10:41:41.159193
U0070,A0040,2026-01-14T10:41:41.159195
U0070,A0018,2026-01-11T10:41:41.159197
U0070,A0052,2025-12-08T10:41:41.159200
U0070,A0098,2025-12-10T10:41:41.159203
U0070,A0062,2025-12-31T10:41:41.159206
U0070,A0031,2025-12-25T10:41:41.159210
U0070,A0086,2026-02-07T10:41:41.159213
U0070,A0094,2026-01-15T10:41:41.159215
U0070,A0058,2026-01-01T10:41:41.159217
U0070,A0084,2026-02-02T10:41:41.159219
U0070,A0060,2026-02-01T10:41:41.159222
U0070,A0003,2026-02-01T10:41:41.159224
U0070,A0025,2026-02-09T10:41:41.159226
U0070,A0068,2025-12-09T10:41:41.159229
U0070,A0095,2026-02-23T10:41:41.159231
U0070,A0013,2026-01-13T10:41:41.159233
U0070,A0055,2026-01-25T10:41:41.159235
U0070,A0070,2026-01-28T10:41:41.159238
U0070,A0063,2025-12-05T10:41:41.159240
U0070,A0044,2025-12-04T10:41:41.159242
U0071,A0060,2026-01-21T10:41:41.159724
U0071,A0044,2026-01-29T10:41:41.159727
U0072,A0068,2026-02-24T10:41:41.160128
U0072,A0001,2025-12-14T10:41:41.160130
U0072,A0018,2026-02-02T10:41:41.160133
U0072,A0040,2026-02-02T10:41:41.160137
U0072,A0055,2025-12-22T10:41:41.160139
U0072,A0095,2025-12-18T10:41:41.160141
U0072,A0057,2026-01-20T10:41:41.160144
U0072,A0006,2025-12-08T10:41:41.160146
U0072,A0086,2025-12-21T10:41:41.160149
U0072,A0044,2025-12-28T10:41:41.160151
U0072,A0098,2026-01-21T10:41:41.160153
U0072,A0085,2026-01-15T10:41:41.160156
U0073,A0002,2026-01-06T10:41:41.160579
U0073,A0003,2025-12-23T10:41:41.160582
U0073,A0063,2026-02-06T10:41:41.160584
U0073,A0058,2026-02-01T10:41:41.160586
U0073,A0060,2026-02-09T10:41:41.160589
U0073,A0009,2026-02-21T10:41:41.160591
U0073,A0098,2026-01-23T10:41:41.160593
U0073,A0067,2026-01-15T10:41:41.160596
U0073,A0020,2026-01-20T10:41:41.160598
U0073,A0062,2026-01-03T10:41:41.160601
U0074,A0043,2025-12-14T10:41:41.161006
U0074,A0065,2025-12-06T10:41:41.161008
U0074,A0069,2026-02-05T10:41:41.161011
U0074,A0021,2026-01-25T10:41:41.161013
U0074,A0028,2026-02-07T10:41:41.161016
U0075,A0087,2026-02-11T10:41:41.161419
U0075,A0093,2025-12-07T10:41:41.161422
U0075,A0067,2026-02-13T10:41:41.161424
U0075,A0083,2026-01-13T10:41:41.161427
U0075,A0051,2026-01-25T10:41:41.161429
U0075,A0026,2026-02-24T10:41:41.161431
U0075,A0099,2026-01-09T10:41:41.161433
U0075,A0073,2025-12-23T10:41:41.161436
U0075,A0019,2025-12-06T10:41:41.161438
U0075,A0063,2026-01-29T10:41:41.161440
U0075,A0072,2026-01-16T10:41:41.161443
U0075,A0008,2025-12-24T10:41:41.161445
U0075,A0062,2026-02-05T10:41:41.161447
U0075,A0010,2026-01-22T10:41:41.161450
U0075,A0092,2026-01-25T10:41:41.161452
U0075,A0025,2026-01-11T10:41:41.161454
U0075,A0053,2025-12-15T10:41:41.161456
U0075,A0024,2026-01-02T10:41:41.161459
U0075,A0009,2026-02-14T10:41:41.161461
U0075,A0080,2025-12-24T10:41:41.161463
U0075,A0095,2026-01-03T10:41:41.161466
U0075,A0098,2025-12-18T10:41:41.161468
U0075,A0065,2026-02-03T10:41:41.161470
U0075,A0044,2026-02-04T10:41:41.161472
U0075,A0042,2026-01-15T10:41:41.161475
U0075,A0002,2026-02-12T10:41:41.161477
U0076,A0063,2026-02-16T10:41:41.161981
U0076,A0060,2025-12-31T10:41:41.161984
U0076,A0009,2025-12-07T10:41:41.161986
U0076,A0025,2025-11-28T10:41:41.161988
U0077,A0046,2026-01-02T10:41:41.162388
U0077,A0024,2025-11-28T10:41:41.162390
U0077,A0022,2026-02-07T10:41:41.162393
U0077,A0014,2026-01-10T10:41:41.162395
U0077,A0073,2025-12-09T10:41:41.162397
U0077,A0077,2026-02-08T10:41:41.162400
U0077,A0081,2026-01-28T10:41:41.162402
U0077,A0036,2025-12-19T10:41:41.162404
U0077,A0027,2025-12-31T10:41:41.162406
U0077,A0049,2025-12-22T10:41:41.162409
U0077,A0045,2025-12-26T10:41:41.162411
U0077,A0053,2025-12-09T10:41:41.162413
U0077,A0008,2026-02-18T10:41:41.162415
U0077,A0072,2026-01-03T10:41:41.162418
U0077,A0050,2025-12-01T10:41:41.162420
U0077,A0088,2025-11-28T10:41:41.162423
U0077,A0039,2026-02-21T10:41:41.162425
U0077,A0033,2026-01-22T10:41:41.162427
U0077,A0079,2025-12-20T10:41:41.162430
U0077,A0020,2025-12-20T10:41:41.162432
U0077,A0094,2026-01-05T10:41:41.162434
U0077,A0030,2025-12-11T10:41:41.162437
U0077,A0026,2025-11-30T10:41:41.162439
U0077,A0054,2026-01-26T10:41:41.162441
U0077,A0001,2026-02-02T10:41:41.162443
U0077,A0080,2026-02-17T10:41:41.162446
U0077,A0097,2025-11-28T10:41:41.162448
U0078,A0055,2025-12-22T10:41:41.162938
U0078,A0070,2025-12-16T10:41:41.162941
U0078,A0086,2025-12-15T10:41:41.162943
U0078,A0003,2026-01-19T10:41:41.162946
U0079,A0029,2026-02-18T10:41:41.163362
U0079,A0013,2025-12-12T10:41:41.163364
U0079,A0084,2026-01-09T10:41:41.163367
U0079,A0057,2025-12-31T10:41:41.163369
U0079,A0050,2026-01-31T10:41:41.163371
U0079,A0086,2026-02-01T10:41:41.163374
U0079,A0040,2026-02-16T10:41:41.163376
U0079,A0018,2025-12-25T10:41:41.163378
U0079,A0076,2026-01-19T10:41:41.163380
U0079,A0044,2025-12-04T10:41:41.163383
U0079,A0055,2026-02-19T10:41:41.163385
U0079,A0059,2026-02-22T10:41:41.163387
U0079,A0033,2026-01-26T10:41:41.163389
U0079,A0001,2025-12-08T10:41:41.163392
U0079,A0068,2026-02-15T10:41:41.163394
U0079,A0082,2026-02-18T10:41:41.163396
U0079,A0098,2026-02-14T10:41:41.163399
U0079,A0006,2025-12-13T10:41:41.163407
U0079,A0038,2026-01-27T10:41:41.163409
U0079,A0009,2026-01-24T10:41:41.163411
U0079,A0000,2026-01-08T10:41:41.163414
U0080,A0099,2025-12-15T10:41:41.163874
U0080,A0057,2026-01-06T10:41:41.163876
U0080,A0070,2026-02-22T10:41:41.163879
U0080,A0062,2026-01-18T10:41:41.163881
U0080,A0076,2026-01-25T10:41:41.163883
U0080,A0086,2026-01-09T10:41:41.163886
U0080,A0019,2026-01-03T10:41:41.163888
U0080,A0068,2026-01-01T10:41:41.163890
U0080,A0033,2026-02-20T10:41:41.163910
U0080,A0003,2026-01-12T10:41:41.163913
U0081,A0052,2026-02-10T10:41:41.164353
U0081,A0090,2026-02-03T10:41:41.164356
U0081,A0019,2025-12-26T10:41:41.164358
U0081,A0002,2026-01-04T10:41:41.164360
U0081,A0070,2026-01-05T10:41:41.164363
U0081,A0000,2026-02-08T10:41:41.164365
U0081,A0099,2026-02-23T10:41:41.164367
U0081,A0025,2025-12-15T10:41:41.164370
U0081,A0031,2026-02-20T10:41:41.164372
U0081,A0062,2025-12-19T10:41:41.164374
U0081,A0003,2026-02-07T10:41:41.164376
U0081,A0098,2026-02-22T10:41:41.164379
U0081,A0060,2026-01-25T10:41:41.164381
U0081,A0094,2025-12-07T10:41:41.164383
U0081,A0020,2026-02-09T10:41:41.164385
U0081,A0058,2025-12-28T10:41:41.164388
U0081,A0075,2026-02-17T10:41:41.164390
U0082,A0017,2025-12-09T10:41:41.164848
U0082,A0091,2026-02-11T10:41:41.164851
U0082,A0041,2025-12-07T10:41:41.164854
U0082,A0012,2026-01-22T10:41:41.164856
U0082,A0054,2025-12-15T10:41:41.164858
U0083,A0083,2026-01-31T10:41:41.165272
U0083,A0049,2025-12-09T10:41:41.165275
U0083,A0067,2025-12-27T10:41:41.165277
U0083,A0087,2026-01-17T10:41:41.165280
U0083,A0051,2026-01-22T10:41:41.165282
U0083,A0036,2026-02-22T10:41:41.165284
U0083,A0093,2025-12-22T10:41:41.165286
U0083,A0088,2025-12-22T10:41:41.165289
U0083,A0073,2026-02-18T10:41:41.165291
U0084,A0047,2026-02-16T10:41:41.165725
U0084,A0012,2026-01-09T10:41:41.165728
U0084,A0028,2025-12-22T10:41:41.165730
U0085,A0099,2026-01-22T10:41:41.166156
U0085,A0090,2026-01-03T10:41:41.166158
U0085,A0071,2026-02-15T10:41:41.166161
U0085,A0052,2026-01-19T10:41:41.166163
U0085,A0025,2025-12-13T10:41:41.166165
U0085,A0031,2025-12-29T10:41:41.166167
U0085,A0020,2026-01-21T10:41:41.166170
U0085,A0094,2026-01-15T10:41:41.166172
U0086,A0055,2026-01-21T10:41:41.166609
U0086,A0084,2026-02-05T10:41:41.166612
U0086,A0018,2026-01-28T10:41:41.166614
U0086,A0013,2025-12-21T10:41:41.166616
U0086,A0022,2025-12-04T10:41:41.166619
U0086,A0024,2026-01-03T10:41:41.166621
U0086,A0042,2026-02-17T10:41:41.166623
U0086,A0073,2026-02-02T10:41:41.166627
U0086,A0091,2026-02-19T10:41:41.166630
U0086,A0088,2025-11-28T10:41:41.166632
U0086,A0068,2026-01-13T10:41:41.166634
U0086,A0008,2026-02-18T10:41:41.166636
U0086,A0001,2025-12-17T10:41:41.166639
U0086,A0046,2025-12-08T10:41:41.166641
U0086,A0014,2025-12-18T10:41:41.166643
U0086,A0085,2026-01-27T10:41:41.166645
U0086,A0006,2026-02-21T10:41:41.166647
U0086,A0049,2025-12-09T10:41:41.166650
U0086,A0040,2026-01-20T10:41:41.166652
U0086,A0029,2026-02-16T10:41:41.166654
U0086,A0045,2026-01-28T10:41:41.166657
U0086,A0036,2026-01-21T10:41:41.166659
U0086,A0038,2025-12-01T10:41:41.166661
U0086,A0081,2025-12-12T10:41:41.166663
U0086,A0050,2026-02-23T10:41:41.166666
U0086,A0087,2025-12-12T10:41:41.166684
U0086,A0076,2025-12-31T10:41:41.166686
U0087,A0009,2026-01-15T10:41:41.167192
U0087,A0060,2026-02-19T10:41:41.167195
U0087,A0019,2026-01-02T10:41:41.167197
U0087,A0090,2025-12-24T10:41:41.167200
U0087,A0000,2026-01-14T10:41:41.167202
U0087,A0031,2025-12-28T10:41:41.167204
U0087,A0094,2025-12-21T10:41:41.167207
U0087,A0055,2025-12-08T10:41:41.167209
U0087,A0020,2026-01-03T10:41:41.167211
U0088,A0024,2026-01-02T10:41:41.167641
U0088,A0090,2026-01-07T10:41:41.167644
U0088,A0014,2025-12-29T10:41:41.167647
U0088,A0094,2025-12-28T10:41:41.167649
U0088,A0052,2026-02-09T10:41:41.167652
U0088,A0049,2025-12-10T10:41:41.167654
U0088,A0009,2026-01-07T10:41:41.167657
U0088,A0058,2026-01-02T10:41:41.167659
U0088,A0099,2026-01-03T10:41:41.167662
U0088,A0003,2025-12-31T10:41:41.167664
U0089,A0016,2026-01-09T10:41:41.168117
U0089,A0058,2026-02-01T10:41:41.168119
U0089,A0052,2025-12-20T10:41:41.168121
U0089,A0078,2026-01-07T10:41:41.168124
U0089,A0091,2026-02-10T10:41:41.168126
U0089,A0002,2026-01-28T10:41:41.168129
U0089,A0099,2026-02-04T10:41:41.168131
U0089,A0097,2026-01-24T10:41:41.168133
U0090,A0067,2025-12-25T10:41:41.168571
U0090,A0088,2025-12-02T10:41:41.168574
U0090,A0024,2026-01-29T10:41:41.168576
U0090,A0093,2025-11-29T10:41:41.168579
U0090,A0022,2026-01-20T10:41:41.168581
U0090,A0077,2025-12-18T10:41:41.168583
U0090,A0014,2026-02-12T10:41:41.168586
U0091,A0078,2026-02-01T10:41:41.169073
U0091,A0007,2026-01-22T10:41:41.169077
U0091,A0040,2026-02-19T10:41:41.169079
U0091,A0013,2025-11-27T10:41:41.169082
U0091,A0068,2025-12-21T10:41:41.169084
U0092,A0084,2026-01-27T10:41:41.169526
U0092,A0011,2026-02-14T10:41:41.169529
U0092,A0059,2026-01-14T10:41:41.169531
U0092,A0055,2025-12-05T10:41:41.169534
U0092,A0086,2025-12-18T10:41:41.169536
U0092,A0001,2026-02-07T10:41:41.169538
U0092,A0097,2025-12-19T10:41:41.169541
U0092,A0054,2026-01-06T10:41:41.169543
U0092,A0057,2026-01-27T10:41:41.169545
U0092,A0013,2026-02-19T10:41:41.169548
U0092,A0018,2026-01-20T10:41:41.169550
U0092,A0016,2026-02-22T10:41:41.169552
U0093,A0068,2026-01-24T10:41:41.169999
U0093,A0018,2025-12-24T10:41:41.170002
U0093,A0055,2026-01-09T10:41:41.170004
U0094,A0098,2025-12-11T10:41:41.170456
U0094,A0019,2025-12-21T10:41:41.170459
U0094,A0003,2026-02-04T10:41:41.170461
U0094,A0052,2026-01-19T10:41:41.170464
U0094,A0058,2026-02-04T10:41:41.170466
U0095,A0062,2026-01-25T10:41:41.170910
U0095,A0049,2026-01-15T10:41:41.170913
U0095,A0080,2026-01-02T10:41:41.170915
U0095,A0008,2025-12-03T10:41:41.170918
U0095,A0053,2026-01-28T10:41:41.170920
U0095,A0025,2026-01-07T10:41:41.170923
U0095,A0058,2025-12-10T10:41:41.170925
U0095,A0099,2026-01-30T10:41:41.170927
U0095,A0052,2026-02-23T10:41:41.170930
U0095,A0009,2026-02-13T10:41:41.170932
U0095,A0003,2026-02-17T10:41:41.170938
U0095,A0063,2026-02-17T10:41:41.170940
U0095,A0098,2026-02-20T10:41:41.170942
U0095,A0072,2025-12-11T10:41:41.170944
U0095,A0031,2026-02-18T10:41:41.170949
U0095,A0024,2025-12-19T10:41:41.170952
U0095,A0070,2025-12-10T10:41:41.170954
U0095,A0060,2025-12-11T10:41:41.170956
U0095,A0002,2026-01-25T10:41:41.170958
U0095,A0045,2026-02-16T10:41:41.170961
U0095,A0073,2025-12-16T10:41:41.170963
U0096,A0054,2025-12-29T10:41:41.171491
U0096,A0017,2026-01-09T10:41:41.171502
U0096,A0061,2026-01-25T10:41:41.171505
U0096,A0079,2025-12-26T10:41:41.171508
U0096,A0016,2025-12-05T10:41:41.171510
U0096,A0023,2026-01-19T10:41:41.171513
U0096,A0097,2026-02-21T10:41:41.171515
U0096,A0030,2025-11-27T10:41:41.171518
U0097,A0084,2026-01-06T10:41:41.171949
U0097,A0013,2026-02-12T10:41:41.171952
U0098,A0052,2025-12-26T10:41:41.172384
U0098,A0073,2026-02-23T10:41:41.172386
U0098,A0070,2025-12-28T10:41:41.172389
U0098,A0029,2026-02-10T10:41:41.172391
U0099,A0094,2025-11-29T10:41:41.172848
U0099,A0098,2025-12-10T10:41:41.172851
U0099,A0040,2025-12-11T10:41:41.172853
U0100,A0067,2025-12-25T10:41:41.173340
U0100,A0087,2025-12-06T10:41:41.173343
U0100,A0093,2026-02-23T10:41:41.173346
U0100,A0083,2026-01-24T10:41:41.173348
U0100,A0051,2025-12-14T10:41:41.173351
U0101,A0040,2026-02-05T10:41:41.173771
U0101,A0068,2026-01-30T10:41:41.173774
U0101,A0001,2026-01-27T10:41:41.173776
U0101,A0018,2026-01-08T10:41:41.173778
U0101,A0093,2025-12-30T10:41:41.173781
U0101,A0029,2025-11-30T10:41:41.173783
U0101,A0084,2026-01-02T10:41:41.173785
U0101,A0024,2026-02-13T10:41:41.173787
U0101,A0072,2025-12-25T10:41:41.173790
U0101,A0026,2026-02-18T10:41:41.173792
U0101,A0053,2025-12-29T10:41:41.173794
U0101,A0006,2026-01-27T10:41:41.173797
U0102,A0093,2026-02-09T10:41:41.174258
U0102,A0083,2025-12-24T10:41:41.174260
U0102,A0073,2025-12-16T10:41:41.174262
U0103,A0008,2026-02-22T10:41:41.174666
U0103,A0027,2026-01-07T10:41:41.174668
U0103,A0067,2026-02-19T10:41:41.174671
U0103,A0053,2026-01-19T10:41:41.174673
U0103,A0081,2025-12-16T10:41:41.174676
U0103,A0083,2026-02-21T10:41:41.174678
U0103,A0051,2026-02-02T10:41:41.174680
U0103,A0073,2026-02-01T10:41:41.174682
U0103,A0077,2026-01-22T10:41:41.174685
U0103,A0049,2026-02-23T10:41:41.174687
U0103,A0022,2026-01-02T10:41:41.174690
U0103,A0036,2026-01-10T10:41:41.174692
U0103,A0093,2026-01-17T10:41:41.174694
U0103,A0072,2025-12-25T10:41:41.174697
U0103,A0026,2026-01-22T10:41:41.174699
U0103,A0087,2025-12-29T10:41:41.174701
U0103,A0080,2026-01-04T10:41:41.174704
U0103,A0088,2025-11-28T10:41:41.174706
U0103,A0045,2025-12-09T10:41:41.174708
U0103,A0014,2026-01-12T10:41:41.174711
U0103,A0024,2026-02-19T10:41:41.174713
U0103,A0046,2025-12-12T10:41:41.174715
U0103,A0057,2026-02-22T10:41:41.174718
U0103,A0071,2026-01-23T10:41:41.174720
U0103,A0054,2026-02-14T10:41:41.174722
U0103,A0076,2025-12-05T10:41:41.174724
U0103,A0085,2025-12-22T10:41:41.174727
U0104,A0098,2026-01-07T10:41:41.175228
U0104,A0068,2026-01-03T10:41:41.175231
U0104,A0001,2025-12-16T10:41:41.175233
U0105,A0040,2025-12-19T10:41:41.175656
U0105,A0059,2026-01-22T10:41:41.175659
U0105,A0030,2025-12-06T10:41:41.175670
U0105,A0037,2025-12-05T10:41:41.175673
U0105,A0015,2026-02-09T10:41:41.175675
U0106,A0040,2026-01-01T10:41:41.176101
U0106,A0076,2025-12-21T10:41:41.176104
U0106,A0082,2026-01-17T10:41:41.176106
U0106,A0033,2026-02-12T10:41:41.176108
U0106,A0001,2025-12-18T10:41:41.176111
U0107,A0070,2025-12-29T10:41:41.176555
U0107,A0063,2026-01-06T10:41:41.176557
U0107,A0060,2025-12-15T10:41:41.176560
U0107,A0002,2026-01-22T10:41:41.176562
U0107,A0041,2026-02-10T10:41:41.176564
U0107,A0012,2025-12-15T10:41:41.176567
U0107,A0090,2025-12-28T10:41:41.176569
U0107,A0031,2026-01-04T10:41:41.176571
U0107,A0079,2025-12-28T10:41:41.176574
U0107,A0019,2025-12-27T10:41:41.176576
U0107,A0007,2025-12-01T10:41:41.176578
U0107,A0052,2025-12-31T10:41:41.176580
U0107,A0035,2026-02-17T10:41:41.176583
U0107,A0043,2026-02-23T10:41:41.176585
U0107,A0061,2026-01-06T10:41:41.176587
U0107,A0058,2026-01-20T10:41:41.176590
U0107,A0047,2026-01-27T10:41:41.176592
U0108,A0077,2025-12-20T10:41:41.177072
U0108,A0026,2025-12-23T10:41:41.177075
U0109,A0035,2025-12-27T10:41:41.177488
U0109,A0064,2025-12-20T10:41:41.177490
U0109,A0060,2025-12-23T10:41:41.177493
U0109,A0090,2026-02-03T10:41:41.177495
U0109,A0066,2025-12-09T10:41:41.177497
U0110,A0022,2026-01-10T10:41:41.177934
U0110,A0080,2026-01-14T10:41:41.177938
U0110,A0027,2025-12-18T10:41:41.177940
U0110,A0014,2025-12-23T10:41:41.177943
U0110,A0036,2026-02-18T10:41:41.177945
U0110,A0008,2025-12-11T10:41:41.177947
U0110,A0083,2026-01-21T10:41:41.177950
U0110,A0088,2025-12-05T10:41:41.177952
U0111,A0061,2026-01-01T10:41:41.178417
U0111,A0011,2026-01-13T10:41:41.178420
U0111,A0030,2026-01-28T10:41:41.178422
U0111,A0054,2026-01-25T10:41:41.178424
U0112,A0018,2025-11-30T10:41:41.178865
U0112,A0024,2025-12-10T10:41:41.178868
U0112,A0040,2026-02-06T10:41:41.178871
U0112,A0001,2026-01-17T10:41:41.178873
U0112,A0051,2025-12-24T10:41:41.178881
U0112,A0008,2026-01-03T10:41:41.178884
U0112,A0006,2025-12-15T10:41:41.178886
U0112,A0068,2025-12-16T10:41:41.178888
U0112,A0021,2025-12-01T10:41:41.178890
U0112,A0007,2026-01-28T10:41:41.178893
U0112,A0055,2026-01-18T10:41:41.178895
U0112,A0067,2026-02-16T10:41:41.178897
U0112,A0088,2026-02-19T10:41:41.178899
U0112,A0010,2026-01-27T10:41:41.178902
U0113,A0013,2026-02-12T10:41:41.179403
U0113,A0001,2025-12-17T10:41:41.179406
U0113,A0057,2026-01-05T10:41:41.179408
U0113,A0040,2026-01-05T10:41:41.179411
U0113,A0029,2025-12-12T10:41:41.179413
U0113,A0086,2026-02-05T10:41:41.179416
U0114,A0088,2026-02-02T10:41:41.179841
U0114,A0080,2025-12-07T10:41:41.179844
U0114,A0045,2026-01-15T10:41:41.179846
U0114,A0049,2026-01-11T10:41:41.179849
U0115,A0099,2025-12-05T10:41:41.180273
U0115,A0098,2026-01-17T10:41:41.180276
U0115,A0070,2026-01-25T10:41:41.180278
U0115,A0094,2026-01-11T10:41:41.180280
U0115,A0025,2026-01-21T10:41:41.180283
U0115,A0071,2026-02-17T10:41:41.180285
U0115,A0035,2025-11-27T10:41:41.180287
U0115,A0063,2026-01-16T10:41:41.180289
U0115,A0000,2025-12-23T10:41:41.180292
U0115,A0090,2026-01-04T10:41:41.180294
U0115,A0003,2026-02-02T10:41:41.180296
U0115,A0031,2026-01-12T10:41:41.180299
U0116,A0051,2026-01-22T10:41:41.180771
U0116,A0093,2026-01-24T10:41:41.180774
U0116,A0067,2026-01-12T10:41:41.180777
U0116,A0083,2025-12-12T10:41:41.180779
U0116,A0072,2025-12-03T10:41:41.180781
U0116,A0087,2025-12-21T10:41:41.180783
U0117,A0042,2026-02-11T10:41:41.181221
U0117,A0021,2025-12-28T10:41:41.181223
U0117,A0043,2025-12-09T10:41:41.181226
U0117,A0010,2026-02-20T10:41:41.181228
U0117,A0038,2025-12-31T10:41:41.181230
U0117,A0069,2025-12-04T10:41:41.181233
U0117,A0012,2025-12-27T10:41:41.181235
U0117,A0085,2026-02-21T10:41:41.181237
U0117,A0044,2026-02-16T10:41:41.181240
U0118,A0044,2026-02-18T10:41:41.181707
U0118,A0051,2026-02-05T10:41:41.181709
U0118,A0095,2026-01-11T10:41:41.181712
U0118,A0047,2025-12-01T10:41:41.181714
U0118,A0006,2026-01-19T10:41:41.181716
U0118,A0021,2025-12-14T10:41:41.181719
U0118,A0010,2025-12-26T10:41:41.181721
U0118,A0092,2026-02-04T10:41:41.181730
U0118,A0069,2025-11-29T10:41:41.181733
U0118,A0042,2025-12-06T10:41:41.181740
U0118,A0057,2026-01-26T10:41:41.181742
U0118,A0043,2025-11-29T10:41:41.181745
U0118,A0028,2025-12-07T10:41:41.181747
U0118,A0083,2026-02-02T10:41:41.181749
U0119,A0096,2025-12-08T10:41:41.182236
U0119,A0039,2026-01-23T10:41:41.182239
U0119,A0056,2025-12-20T10:41:41.182241
U0119,A0075,2026-02-21T10:41:41.182243
U0119,A0066,2026-01-15T10:41:41.182245
U0119,A0034,2026-01-26T10:41:41.182248
U0119,A0032,2026-02-11T10:41:41.182250
U0119,A0060,2026-01-07T10:41:41.182252
U0119,A0004,2026-02-20T10:41:41.182255
U0119,A0089,2026-02-08T10:41:41.182257
U0119,A0064,2026-02-08T10:41:41.182259
U0119,A0036,2025-12-29T10:41:41.182261
U0119,A0058,2025-12-05T10:41:41.182264
U0119,A0009,2026-01-17T10:41:41.182266
U0119,A0008,2026-01-25T10:41:41.182268
U0119,A0053,2026-01-24T10:41:41.182270
U0119,A0027,2026-02-18T10:41:41.182273
U0119,A0094,2026-01-28T10:41:41.182275
U0119,A0031,2025-12-30T10:41:41.182277
U0120,A0098,2026-01-28T10:41:41.182791
U0120,A0019,2026-01-29T10:41:41.182794
U0121,A0059,2025-12-24T10:41:41.183203
U0121,A0013,2026-02-18T10:41:41.183205
U0121,A0040,2026-01-17T10:41:41.183208
U0121,A0033,2025-11-27T10:41:41.183210
U0121,A0086,2026-02-16T10:41:41.183213
U0121,A0029,2025-12-25T10:41:41.183215
U0121,A0018,2026-02-14T10:41:41.183218
U0121,A0084,2026-02-23T10:41:41.183220
U0122,A0050,2026-01-12T10:41:41.183675
U0122,A0027,2026-01-12T10:41:41.183678
U0122,A0022,2025-12-06T10:41:41.183680
U0123,A0001,2026-02-16T10:41:41.184120
U0123,A0044,2025-12-19T10:41:41.184123
U0123,A0068,2025-12-27T10:41:41.184125
U0123,A0006,2026-02-20T10:41:41.184128
U0123,A0040,2025-11-30T10:41:41.184130
U0123,A0095,2025-12-20T10:41:41.184133
U0123,A0018,2025-12-10T10:41:41.184135
U0123,A0084,2026-01-20T10:41:41.184137
U0123,A0038,2026-02-15T10:41:41.184144
U0123,A0085,2026-02-24T10:41:41.184147
U0123,A0057,2025-12-24T10:41:41.184149
U0123,A0055,2025-12-13T10:41:41.184151
U0123,A0083,2026-02-09T10:41:41.184154
U0123,A0051,2026-02-10T10:41:41.184156
U0123,A0087,2026-01-02T10:41:41.184158
U0123,A0069,2026-02-09T10:41:41.184161
U0123,A0067,2026-02-15T10:41:41.184163
U0123,A0065,2026-01-17T10:41:41.184165
U0123,A0013,2026-01-04T10:41:41.184167
U0123,A0086,2026-01-23T10:41:41.184172
U0123,A0021,2026-01-23T10:41:41.184174
U0123,A0024,2026-01-07T10:41:41.184178
U0123,A0059,2025-12-03T10:41:41.184181
U0123,A0042,2026-02-14T10:41:41.184185
U0123,A0029,2026-02-11T10:41:41.184187
U0123,A0005,2025-12-12T10:41:41.184190
U0123,A0098,2025-12-22T10:41:41.184192
U0123,A0093,2026-01-25T10:41:41.184194
U0123,A0043,2026-02-17T10:41:41.184197
U0123,A0012,2025-12-13T10:41:41.184199
U0124,A0033,2026-02-09T10:41:41.184722
U0124,A0035,2025-12-06T10:41:41.184724
U0124,A0071,2025-12-06T10:41:41.184727
U0124,A0068,2025-12-18T10:41:41.184729
U0125,A0094,2025-12-30T10:41:41.185175
U0125,A0058,2025-12-16T10:41:41.185178
U0125,A0016,2026-02-17T10:41:41.185180
U0125,A0067,2026-01-14T10:41:41.185183
U0125,A0007,2026-02-08T10:41:41.185185
U0126,A0054,2025-12-16T10:41:41.185660
U0126,A0078,2026-02-18T10:41:41.185663
U0126,A0007,2026-01-19T10:41:41.185665
U0126,A0011,2026-01-10T10:41:41.185667
U0126,A0091,2026-02-21T10:41:41.185670
U0126,A0097,2026-01-11T10:41:41.185672
U0126,A0079,2026-02-04T10:41:41.185674
U0126,A0017,2026-02-13T10:41:41.185677
U0126,A0030,2026-02-16T10:41:41.185679
U0126,A0042,2026-02-06T10:41:41.185681
U0127,A0054,2025-12-24T10:41:41.186118
U0127,A0007,2025-12-21T10:41:41.186121
U0127,A0017,2026-01-27T10:41:41.186123
U0127,A0030,2026-01-22T10:41:41.186126
U0127,A0061,2025-11-28T10:41:41.186128
U0128,A0033,2025-12-19T10:41:41.186569
U0128,A0079,2026-01-28T10:41:41.186572
U0128,A0029,2026-01-05T10:41:41.186574
U0128,A0082,2025-12-15T10:41:41.186576
U0128,A0030,2025-12-27T10:41:41.186579
U0128,A0017,2026-01-16T10:41:41.186581
U0128,A0040,2025-12-28T10:41:41.186584
U0128,A0054,2025-12-26T10:41:41.186586
U0128,A0059,2025-12-23T10:41:41.186588
U0128,A0007,2026-01-23T10:41:41.186591
U0129,A0022,2026-01-09T10:41:41.187053
U0129,A0039,2025-12-07T10:41:41.187056
U0129,A0053,2025-12-26T10:41:41.187058
U0129,A0072,2026-02-11T10:41:41.187060
U0129,A0049,2025-12-01T10:41:41.187063
U0130,A0007,2025-12-26T10:41:41.187496
U0130,A0024,2025-12-19T10:41:41.187499
U0130,A0088,2025-12-11T10:41:41.187501
U0130,A0011,2026-01-29T10:41:41.187503
U0130,A0026,2026-01-12T10:41:41.187506
U0130,A0097,2026-02-22T10:41:41.187508
U0130,A0073,2026-01-11T10:41:41.187511
U0130,A0045,2025-12-01T10:41:41.187513
U0130,A0016,2025-12-04T10:41:41.187515
U0130,A0053,2025-11-29T10:41:41.187518
U0130,A0072,2026-02-01T10:41:41.187520
U0131,A0001,2025-12-21T10:41:41.187985
U0131,A0040,2025-12-16T10:41:41.187988
U0132,A0078,2026-02-21T10:41:41.188395
U0132,A0005,2026-02-13T10:41:41.188398
U0132,A0047,2026-02-20T10:41:41.188400
U0132,A0007,2026-01-08T10:41:41.188402
U0132,A0097,2026-01-08T10:41:41.188405
U0133,A0068,2026-02-16T10:41:41.188817
U0133,A0018,2026-02-08T10:41:41.188820
U0133,A0040,2026-01-05T10:41:41.188823
U0133,A0001,2025-12-05T10:41:41.188826
U0133,A0013,2025-12-25T10:41:41.188828
U0133,A0084,2025-12-03T10:41:41.188830
U0133,A0057,2026-01-01T10:41:41.188833
U0133,A0085,2026-01-22T10:41:41.188835
U0133,A0029,2025-12-05T10:41:41.188837
U0133,A0038,2026-01-23T10:41:41.188840
U0133,A0086,2025-12-09T10:41:41.188842
U0133,A0095,2026-01-22T10:41:41.188844
U0134,A0031,2026-02-15T10:41:41.189285
U0134,A0099,2026-02-02T10:41:41.189288
U0134,A0044,2026-02-14T10:41:41.189291
U0134,A0019,2025-11-27T10:41:41.189293
U0134,A0003,2025-12-20T10:41:41.189295
U0134,A0095,2026-02-13T10:41:41.189298
U0134,A0002,2026-01-06T10:41:41.189300
U0134,A0051,2025-12-28T10:41:41.189302
U0134,A0025,2025-11-28T10:41:41.189309
U0134,A0063,2025-12-10T10:41:41.189312
U0134,A0042,2026-01-30T10:41:41.189314
U0134,A0058,2026-02-01T10:41:41.189316
U0134,A0010,2026-01-25T10:41:41.189319
U0134,A0065,2026-01-09T10:41:41.189321
U0134,A0038,2026-01-31T10:41:41.189323
U0134,A0093,2025-12-13T10:41:41.189326
U0134,A0070,2026-01-26T10:41:41.189328
U0134,A0064,2025-11-27T10:41:41.189330
U0134,A0098,2026-01-26T10:41:41.189333
U0134,A0009,2026-02-22T10:41:41.189335
U0134,A0083,2025-12-06T10:41:41.189337
U0134,A0092,2026-01-08T10:41:41.189340
U0134,A0052,2026-01-21T10:41:41.189342
U0134,A0062,2025-12-19T10:41:41.189344
U0134,A0028,2026-01-19T10:41:41.189346
U0134,A0085,2025-12-12T10:41:41.189349
U0134,A0087,2025-11-27T10:41:41.189351
U0134,A0005,2026-01-15T10:41:41.189353
U0134,A0060,2026-02-14T10:41:41.189356
U0135,A0018,2025-12-14T10:41:41.189862
U0135,A0001,2025-12-02T10:41:41.189865
U0135,A0068,2025-12-28T10:41:41.189868
U0135,A0033,2026-01-19T10:41:41.189870
U0135,A0059,2025-12-19T10:41:41.189872
U0135,A0040,2025-12-01T10:41:41.189875
U0135,A0084,2025-12-08T10:41:41.189877
U0135,A0055,2026-02-02T10:41:41.189879
U0135,A0029,2026-01-10T10:41:41.189882
U0135,A0086,2026-02-19T10:41:41.189884
U0136,A0052,2025-12-29T10:41:41.190320
U0136,A0063,2026-01-14T10:41:41.190322
U0136,A0025,2026-01-29T10:41:41.190325
U0136,A0070,2025-12-19T10:41:41.190327
U0136,A0002,2026-01-16T10:41:41.190329
U0137,A0082,2026-02-06T10:41:41.190786
U0137,A0058,2026-01-23T10:41:41.190788
U0137,A0098,2026-01-05T10:41:41.190791
U0137,A0094,2026-02-02T10:41:41.190793
U0137,A0040,2026-01-05T10:41:41.190796
U0137,A0070,2025-12-25T10:41:41.190798
U0137,A0035,2026-02-14T10:41:41.190801
U0137,A0003,2025-12-06T10:41:41.190803
U0137,A0099,2026-01-24T10:41:41.190805
U0137,A0071,2026-02-04T10:41:41.190808
U0137,A0055,2026-02-23T10:41:41.190810
U0137,A0062,2026-02-07T10:41:41.190812
U0137,A0031,2026-01-15T10:41:41.190815
U0137,A0025,2026-01-24T10:41:41.190817
U0137,A0063,2026-01-23T10:41:41.190819
U0137,A0060,2026-02-04T10:41:41.190822
U0138,A0060,2025-12-14T10:41:41.191317
U0138,A0067,2026-01-26T10:41:41.191320
U0138,A0051,2026-01-10T10:41:41.191322
U0139,A0076,2025-12-15T10:41:41.191743
U0139,A0013,2025-12-02T10:41:41.191745
U0139,A0001,2026-01-20T10:41:41.191748
U0139,A0059,2026-02-01T10:41:41.191750
U0139,A0031,2026-02-17T10:41:41.191752
U0139,A0052,2025-11-29T10:41:41.191755
U0139,A0070,2026-01-11T10:41:41.191757
U0139,A0098,2026-01-10T10:41:41.191759
U0139,A0020,2025-11-29T10:41:41.191762
U0139,A0029,2025-12-03T10:41:41.191764
U0139,A0009,2026-01-11T10:41:41.191766
U0139,A0040,2026-01-12T10:41:41.191768
U0139,A0062,2026-01-27T10:41:41.191771
U0139,A0025,2025-11-30T10:41:41.191773
U0139,A0058,2026-01-15T10:41:41.191775
U0139,A0019,2026-01-21T10:41:41.191778
U0139,A0071,2026-01-19T10:41:41.191780
U0139,A0050,2026-02-20T10:41:41.191782
U0139,A0033,2025-12-29T10:41:41.191785
U0139,A0055,2025-12-20T10:41:41.191787
U0140,A0012,2026-01-13T10:41:41.192322
U0140,A0038,2025-12-04T10:41:41.192325
U0141,A0029,2026-02-04T10:41:41.192770
U0141,A0018,2025-11-29T10:41:41.192773
U0142,A0038,2026-01-27T10:41:41.193213
U0142,A0005,2025-12-01T10:41:41.193216
U0142,A0042,2026-02-04T10:41:41.193227
U0142,A0012,2025-12-26T10:41:41.193229
U0142,A0044,2026-01-29T10:41:41.193232
U0142,A0043,2026-01-12T10:41:41.193234
U0142,A0041,2025-12-23T10:41:41.193237
U0142,A0095,2026-02-09T10:41:41.193239
U0142,A0016,2026-02-06T10:41:41.193241
U0142,A0021,2026-01-09T10:41:41.193244
U0142,A0065,2026-01-06T10:41:41.193246
U0142,A0011,2025-12-25T10:41:41.193248
U0143,A0050,2026-01-31T10:41:41.193718
U0143,A0026,2025-12-14T10:41:41.193721
U0144,A0052,2026-02-08T10:41:41.194164
U0144,A0024,2025-12-09T10:41:41.194167
U0144,A0060,2026-01-21T10:41:41.194169
U0144,A0073,2026-02-02T10:41:41.194172
U0144,A0045,2025-12-27T10:41:41.194174
U0144,A0002,2026-02-18T10:41:41.194176
U0144,A0019,2026-02-07T10:41:41.194179
U0144,A0098,2026-02-16T10:41:41.194181
U0144,A0051,2026-01-11T10:41:41.194183
U0144,A0067,2026-02-17T10:41:41.194186
U0144,A0093,2025-12-04T10:41:41.194188
U0144,A0003,2026-02-12T10:41:41.194190
U0144,A0000,2026-01-29T10:41:41.194192
U0144,A0009,2026-01-23T10:41:41.194195
U0144,A0088,2026-01-27T10:41:41.194197
U0145,A0032,2026-01-16T10:41:41.194708
U0145,A0034,2026-01-17T10:41:41.194711
U0145,A0090,2026-01-04T10:41:41.194713
U0145,A0096,2025-12-31T10:41:41.194716
U0145,A0071,2026-01-05T10:41:41.194718
U0145,A0003,2026-01-07T10:41:41.194720
U0145,A0009,2025-12-09T10:41:41.194723
U0145,A0075,2026-01-16T10:41:41.194725
U0145,A0094,2025-11-28T10:41:41.194727
U0146,A0068,2025-12-02T10:41:41.195189
U0146,A0050,2025-12-20T10:41:41.195192
U0146,A0086,2026-02-23T10:41:41.195195
U0146,A0001,2025-12-17T10:41:41.195197
U0146,A0018,2026-01-30T10:41:41.195199
U0146,A0076,2026-01-19T10:41:41.195202
U0146,A0057,2025-12-06T10:41:41.195204
U0146,A0059,2025-12-14T10:41:41.195207
U0146,A0082,2025-12-04T10:41:41.195209
U0146,A0029,2026-02-10T10:41:41.195211
U0146,A0040,2026-02-02T10:41:41.195213
U0147,A0028,2026-01-03T10:41:41.195662
U0147,A0012,2025-12-23T10:41:41.195664
U0147,A0043,2025-11-28T10:41:41.195667
U0147,A0092,2026-01-04T10:41:41.195669
U0147,A0061,2025-12-27T10:41:41.195671
U0147,A0010,2025-12-30T10:41:41.195674
U0147,A0065,2026-01-02T10:41:41.195676
U0148,A0026,2026-02-15T10:41:41.196133
U0148,A0091,2026-02-21T10:41:41.196136
U0148,A0060,2025-12-22T10:41:41.196138
U0148,A0003,2026-02-13T10:41:41.196141
U0148,A0052,2026-02-07T10:41:41.196143
U0148,A0002,2026-01-23T10:41:41.196145
U0148,A0011,2026-01-04T10:41:41.196147
U0148,A0053,2026-01-17T10:41:41.196150
U0149,A0018,2026-01-22T10:41:41.196629
U0149,A0085,2026-02-13T10:41:41.196631
U0149,A0038,2026-01-12T10:41:41.196634
U0149,A0040,2025-12-13T10:41:41.196636
U0149,A0044,2026-02-14T10:41:41.196638
U0149,A0068,2026-02-08T10:41:41.196641
U0149,A0095,2026-01-19T10:41:41.196643
U0149,A0084,2026-02-06T10:41:41.196646
U0149,A0006,2026-01-02T10:41:41.196648
U0150,A0065,2025-12-18T10:41:41.197098
U0150,A0041,2026-01-22T10:41:41.197101
U0150,A0005,2025-12-19T10:41:41.197103
U0150,A0010,2025-12-15T10:41:41.197105
U0150,A0044,2025-12-09T10:41:41.197108
U0150,A0038,2026-02-14T10:41:41.197110
U0150,A0092,2025-12-11T10:41:41.197112
U0150,A0042,2025-12-01T10:41:41.197115
U0150,A0095,2025-12-11T10:41:41.197117
U0151,A0082,2026-01-29T10:41:41.197591
U0151,A0007,2026-02-22T10:41:41.197594
U0151,A0076,2026-01-28T10:41:41.197596
U0151,A0059,2026-02-08T10:41:41.197601
U0151,A0033,2026-01-16T10:41:41.197603
U0151,A0050,2025-12-19T10:41:41.197606
U0152,A0019,2025-12-05T10:41:41.198059
U0153,A0040,2026-01-02T10:41:41.198502
U0153,A0086,2026-02-23T10:41:41.198505
U0153,A0044,2026-01-07T10:41:41.198507
U0153,A0090,2025-12-30T10:41:41.198510
U0153,A0035,2025-12-24T10:41:41.198512
U0154,A0018,2025-12-08T10:41:41.198972
U0154,A0055,2026-02-23T10:41:41.198974
U0154,A0024,2026-01-16T10:41:41.198977
U0154,A0040,2025-12-29T10:41:41.198979
U0154,A0001,2025-12-12T10:41:41.198981
U0154,A0049,2025-12-17T10:41:41.198984
U0154,A0084,2026-01-07T10:41:41.198986
U0154,A0027,2026-01-09T10:41:41.198988
U0154,A0013,2025-12-30T10:41:41.198991
U0155,A0043,2026-02-17T10:41:41.199440
U0155,A0012,2025-12-25T10:41:41.199442
U0155,A0065,2026-01-26T10:41:41.199475
U0155,A0028,2026-02-07T10:41:41.199477
U0155,A0042,2026-01-20T10:41:41.199480
U0155,A0005,2025-12-10T10:41:41.199482
U0155,A0047,2026-02-16T10:41:41.199485
U0156,A0057,2025-12-02T10:41:41.199935
U0156,A0068,2026-01-30T10:41:41.199937
U0156,A0018,2025-11-29T10:41:41.199940
U0156,A0086,2026-01-23T10:41:41.199942
U0156,A0013,2026-02-22T10:41:41.199944
U0156,A0040,2026-01-12T10:41:41.199947
U0156,A0060,2025-12-26T10:41:41.199949
U0156,A0076,2026-01-29T10:41:41.199951
U0156,A0029,2026-01-04T10:41:41.199953
U0157,A0068,2026-01-03T10:41:41.200425
U0157,A0018,2025-11-29T10:41:41.200427
U0157,A0040,2026-01-05T10:41:41.200430
U0157,A0024,2025-12-23T10:41:41.200432
U0157,A0092,2025-12-27T10:41:41.200434
U0157,A0057,2026-01-10T10:41:41.200437
U0157,A0001,2026-02-06T10:41:41.200439
U0157,A0053,2025-12-25T10:41:41.200441
U0157,A0012,2026-02-24T10:41:41.200444
U0157,A0067,2025-12-30T10:41:41.200446
U0158,A0031,2025-12-11T10:41:41.200935
U0158,A0002,2026-02-20T10:41:41.200938
U0158,A0093,2025-12-05T10:41:41.200940
U0159,A0055,2026-02-08T10:41:41.201386
U0159,A0059,2026-02-07T10:41:41.201389
U0159,A0095,2026-01-22T10:41:41.201391
U0159,A0076,2026-02-08T10:41:41.201394
U0159,A0068,2026-01-09T10:41:41.201396
U0160,A0093,2026-01-05T10:41:41.201830
U0160,A0087,2026-01-01T10:41:41.201833
U0160,A0083,2026-01-11T10:41:41.201835
U0160,A0067,2025-12-02T10:41:41.201837
U0160,A0038,2026-02-08T10:41:41.201839
U0160,A0051,2025-12-07T10:41:41.201842
U0160,A0045,2026-01-17T10:41:41.201844
U0160,A0072,2025-12-20T10:41:41.201846
U0160,A0049,2026-01-30T10:41:41.201849
U0160,A0042,2026-02-19T10:41:41.201851
U0160,A0047,2026-01-11T10:41:41.201853
U0160,A0080,2026-02-10T10:41:41.201856
U0160,A0026,2025-12-28T10:41:41.201858
U0160,A0008,2026-02-09T10:41:41.201860
U0160,A0073,2025-12-11T10:41:41.201862
U0160,A0005,2025-12-27T10:41:41.201865
U0160,A0085,2026-02-05T10:41:41.201867
U0160,A0095,2026-01-13T10:41:41.201869
U0160,A0044,2026-02-16T10:41:41.201871
U0160,A0069,2026-02-01T10:41:41.201874
U0161,A0024,2026-01-09T10:41:41.202410
U0161,A0093,2026-02-08T10:41:41.202413
U0161,A0022,2025-11-28T10:41:41.202416
U0162,A0042,2025-12-25T10:41:41.202850
U0162,A0021,2025-12-25T10:41:41.202853
U0162,A0005,2026-01-20T10:41:41.202855
U0162,A0043,2026-01-25T10:41:41.202858
U0162,A0047,2025-12-30T10:41:41.202869
U0163,A0081,2025-12-25T10:41:41.203308
U0163,A0026,2025-12-20T10:41:41.203311
U0163,A0027,2026-01-13T10:41:41.203314
U0163,A0072,2026-01-27T10:41:41.203316
U0163,A0022,2025-12-29T10:41:41.203318
U0164,A0055,2026-02-01T10:41:41.203779
U0164,A0054,2025-12-16T10:41:41.203782
U0164,A0013,2026-02-12T10:41:41.203784
U0164,A0040,2026-01-09T10:41:41.203786
U0165,A0007,2025-12-30T10:41:41.204237
U0165,A0023,2025-12-04T10:41:41.204239
U0166,A0094,2026-01-08T10:41:41.204658
U0166,A0096,2026-01-18T10:41:41.204660
U0166,A0000,2026-01-25T10:41:41.204663
U0166,A0035,2025-12-04T10:41:41.204665
U0166,A0032,2026-02-14T10:41:41.204667
U0166,A0071,2025-12-22T10:41:41.204670
U0166,A0099,2025-12-18T10:41:41.204672
U0166,A0089,2026-01-04T10:41:41.204674
U0166,A0056,2026-01-16T10:41:41.204676
U0166,A0031,2026-01-09T10:41:41.204679
U0166,A0019,2025-12-10T10:41:41.204681
U0166,A0064,2026-01-21T10:41:41.204683
U0166,A0060,2025-12-28T10:41:41.204686
U0166,A0004,2025-12-17T10:41:41.204688
U0166,A0034,2026-02-18T10:41:41.204690
U0166,A0066,2026-02-17T10:41:41.204692
U0166,A0090,2025-12-26T10:41:41.204695
U0166,A0003,2025-12-06T10:41:41.204697
U0166,A0075,2025-12-13T10:41:41.204699
U0166,A0020,2026-02-02T10:41:41.204702
U0166,A0009,2026-01-21T10:41:41.204704
U0166,A0062,2026-01-01T10:41:41.204706
U0166,A0063,2026-01-28T10:41:41.204709
U0167,A0095,2026-02-13T10:41:41.205209
U0167,A0044,2025-12-01T10:41:41.205212
U0167,A0006,2025-12-20T10:41:41.205215
U0167,A0085,2025-12-06T10:41:41.205217
U0167,A0038,2025-12-03T10:41:41.205219
U0167,A0063,2026-02-13T10:41:41.205222
U0167,A0070,2025-12-28T10:41:41.205224
U0167,A0086,2026-02-04T10:41:41.205226
U0167,A0062,2026-02-21T10:41:41.205228
U0168,A0087,2026-02-07T10:41:41.205712
U0168,A0006,2026-01-11T10:41:41.205715
U0168,A0044,2026-02-24T10:41:41.205717
U0168,A0031,2025-11-28T10:41:41.205720
U0168,A0070,2026-01-28T10:41:41.205722
U0168,A0035,2025-12-20T10:41:41.205724
U0168,A0084,2026-01-11T10:41:41.205727
U0168,A0038,2026-01-01T10:41:41.205729
U0168,A0083,2026-02-09T10:41:41.205732
U0168,A0067,2026-01-01T10:41:41.205734
U0168,A0095,2026-02-02T10:41:41.205736
U0169,A0044,2025-11-28T10:41:41.206240
U0169,A0006,2026-01-17T10:41:41.206243
U0169,A0095,2026-02-08T10:41:41.206246
U0169,A0085,2026-01-17T10:41:41.206248
U0169,A0038,2025-12-31T10:41:41.206250
U0169,A0029,2025-12-15T10:41:41.206252
U0169,A0059,2026-01-21T10:41:41.206255
U0170,A0011,2026-01-25T10:41:41.206721
U0170,A0091,2025-12-30T10:41:41.206724
U0170,A0055,2025-12-06T10:41:41.206727
U0170,A0013,2026-02-08T10:41:41.206730
U0170,A0068,2026-01-21T10:41:41.206734
U0170,A0017,2025-11-29T10:41:41.206736
U0170,A0057,2025-11-29T10:41:41.206739
U0170,A0059,2026-01-20T10:41:41.206741
U0171,A0018,2026-01-31T10:41:41.207216
U0171,A0055,2025-11-29T10:41:41.207218
U0171,A0084,2026-01-01T10:41:41.207221
U0171,A0019,2025-12-12T10:41:41.207223
U0171,A0060,2026-01-13T10:41:41.207225
U0171,A0001,2026-02-22T10:41:41.207227
U0171,A0094,2025-11-29T10:41:41.207230
U0171,A0068,2025-12-26T10:41:41.207232
U0171,A0006,2026-02-02T10:41:41.207234
U0171,A0076,2026-01-12T10:41:41.207237
U0171,A0040,2025-12-09T10:41:41.207239
U0171,A0013,2026-02-02T10:41:41.207241
U0171,A0035,2026-01-11T10:41:41.207243
U0171,A0071,2026-02-20T10:41:41.207245
U0171,A0031,2026-02-12T10:41:41.207248
U0171,A0085,2026-01-06T10:41:41.207250
U0171,A0090,2025-12-09T10:41:41.207264
U0171,A0044,2026-02-15T10:41:41.207266
U0171,A0022,2026-01-11T10:41:41.207268
U0171,A0052,2026-01-01T10:41:41.207270
U0171,A0009,2025-12-08T10:41:41.207272
U0172,A0076,2025-11-30T10:41:41.207809
U0172,A0097,2026-01-22T10:41:41.207812
U0172,A0017,2026-02-23T10:41:41.207814
U0172,A0082,2026-02-24T10:41:41.207817
U0172,A0079,2026-01-02T10:41:41.207819
U0172,A0015,2026-02-15T10:41:41.207822
U0172,A0033,2026-01-29T10:41:41.207824
U0172,A0050,2025-12-19T10:41:41.207826
U0172,A0061,2026-01-07T10:41:41.207828
U0172,A0059,2026-01-13T10:41:41.207831
U0172,A0084,2026-01-21T10:41:41.207858
U0173,A0046,2026-02-21T10:41:41.208369
U0173,A0045,2026-02-13T10:41:41.208371
U0173,A0081,2026-02-02T10:41:41.208374
U0173,A0091,2025-12-01T10:41:41.208376
U0173,A0007,2026-02-03T10:41:41.208378
U0173,A0016,2026-01-12T10:41:41.208381
U0173,A0049,2026-01-04T10:41:41.208383
U0173,A0036,2026-02-08T10:41:41.208385
U0173,A0073,2026-02-17T10:41:41.208388
U0173,A0008,2025-12-18T10:41:41.208390
U0173,A0077,2026-01-28T10:41:41.208392
U0173,A0097,2026-01-02T10:41:41.208394
U0173,A0054,2026-02-12T10:41:41.208397
U0173,A0030,2026-02-23T10:41:41.208399
U0173,A0072,2025-12-15T10:41:41.208401
U0173,A0078,2025-12-17T10:41:41.208404
U0173,A0026,2026-02-20T10:41:41.208406
U0174,A0097,2026-01-20T10:41:41.208925
U0174,A0016,2026-01-08T10:41:41.208928
U0174,A0091,2026-01-02T10:41:41.208931
U0174,A0030,2025-12-16T10:41:41.208933
U0174,A0074,2026-02-09T10:41:41.208935
U0174,A0007,2026-01-08T10:41:41.208938
U0174,A0078,2026-02-20T10:41:41.208940
U0174,A0011,2025-12-17T10:41:41.208942
U0174,A0070,2025-12-12T10:41:41.208945
U0174,A0041,2026-01-15T10:41:41.208947
U0174,A0065,2026-02-11T10:41:41.208949
U0174,A0017,2026-01-18T10:41:41.208952
U0174,A0010,2026-01-07T10:41:41.208954
U0174,A0099,2025-11-27T10:41:41.208956
U0174,A0023,2026-01-26T10:41:41.208959
U0174,A0092,2025-12-03T10:41:41.208961
U0174,A0054,2026-02-11T10:41:41.208963
U0174,A0045,2025-12-18T10:41:41.208966
U0174,A0040,2025-12-29T10:41:41.208968
U0174,A0047,2025-12-07T10:41:41.208970
U0174,A0012,2025-12-16T10:41:41.208973
U0174,A0028,2025-12-12T10:41:41.208975
U0174,A0080,2025-12-25T10:41:41.208977
U0174,A0043,2026-01-03T10:41:41.208979
U0174,A0073,2026-01-26T10:41:41.208982
U0174,A0052,2026-01-25T10:41:41.208984
U0174,A0061,2025-11-30T10:41:41.208986
U0175,A0066,2026-01-27T10:41:41.209499
U0175,A0034,2026-02-20T10:41:41.209502
U0175,A0075,2026-01-10T10:41:41.209504
U0175,A0032,2025-12-03T10:41:41.209507
U0175,A0004,2025-12-08T10:41:41.209509
U0176,A0087,2026-01-18T10:41:41.209981
U0176,A0051,2025-12-04T10:41:41.209983
U0176,A0067,2026-01-19T10:41:41.209986
U0176,A0093,2026-01-26T10:41:41.209988
U0176,A0072,2026-01-26T10:41:41.209990
U0176,A0083,2026-02-06T10:41:41.209993
U0176,A0085,2025-12-11T10:41:41.209995
U0176,A0080,2025-11-27T10:41:41.209997
U0176,A0088,2026-01-16T10:41:41.210000
U0176,A0053,2026-01-11T10:41:41.210002
U0176,A0026,2025-11-30T10:41:41.210004
U0176,A0008,2025-12-28T10:41:41.210006
U0176,A0095,2025-12-19T10:41:41.210009
U0176,A0049,2026-01-01T10:41:41.210011
U0176,A0010,2025-12-23T10:41:41.210019
U0176,A0042,2025-11-28T10:41:41.210022
U0176,A0024,2025-12-04T10:41:41.210024
U0176,A0005,2026-01-19T10:41:41.210026
U0176,A0069,2026-02-18T10:41:41.210029
U0176,A0073,2026-01-18T10:41:41.210031
U0176,A0043,2025-12-26T10:41:41.210033
U0176,A0092,2025-12-28T10:41:41.210036
U0176,A0045,2026-02-08T10:41:41.210038
U0176,A0006,2026-01-22T10:41:41.210041
U0177,A0055,2025-12-20T10:41:41.211053
U0177,A0040,2025-12-01T10:41:41.211079
U0177,A0001,2025-12-27T10:41:41.211087
U0177,A0084,2026-02-17T10:41:41.211093
U0177,A0018,2026-02-24T10:41:41.211098
U0178,A0011,2025-12-14T10:41:41.212285
U0178,A0026,2025-12-17T10:41:41.212296
U0178,A0045,2025-12-21T10:41:41.212299
U0179,A0009,2026-02-03T10:41:41.213771
U0179,A0052,2026-01-15T10:41:41.213784
U0179,A0060,2026-02-05T10:41:41.213787
U0179,A0002,2025-11-29T10:41:41.213790
U0180,A0097,2025-12-20T10:41:41.215488
U0180,A0011,2026-01-06T10:41:41.215494
U0180,A0078,2026-02-21T10:41:41.215497
U0180,A0091,2025-12-19T10:41:41.215500
U0180,A0016,2026-02-16T10:41:41.215502
U0180,A0069,2026-02-13T10:41:41.215504
U0180,A0061,2026-02-24T10:41:41.215507
U0180,A0062,2025-12-28T10:41:41.215509
U0180,A0007,2026-02-12T10:41:41.215511
U0180,A0030,2026-01-19T10:41:41.215514
U0180,A0028,2025-12-10T10:41:41.215516
U0180,A0054,2026-02-02T10:41:41.215518
U0180,A0042,2026-01-29T10:41:41.215521
U0180,A0074,2026-01-04T10:41:41.215523
U0180,A0065,2026-02-21T10:41:41.215525
U0180,A0021,2026-01-24T10:41:41.215528
U0180,A0012,2026-01-03T10:41:41.215530
U0180,A0005,2025-12-21T10:41:41.215533
U0180,A0041,2026-02-21T10:41:41.215535
U0180,A0047,2025-12-22T10:41:41.215537
U0180,A0070,2025-12-03T10:41:41.215540
U0180,A0009,2026-01-13T10:41:41.215542
U0180,A0098,2025-12-15T10:41:41.215544
U0181,A0033,2026-01-09T10:41:41.216101
U0182,A0003,2025-12-13T10:41:41.216877
U0182,A0098,2025-12-12T10:41:41.216922
U0182,A0052,2025-12-14T10:41:41.216935
U0182,A0070,2026-02-05T10:41:41.216941
U0182,A0019,2026-01-10T10:41:41.216945
U0182,A0060,2025-12-27T10:41:41.216950
U0182,A0009,2026-02-23T10:41:41.216955
U0182,A0071,2025-12-12T10:41:41.216960
U0182,A0063,2025-12-12T10:41:41.216964
U0182,A0025,2026-02-03T10:41:41.216969
U0182,A0099,2025-12-21T10:41:41.216975
U0182,A0002,2025-12-31T10:41:41.216980
U0182,A0031,2026-02-09T10:41:41.216984
U0182,A0056,2026-02-23T10:41:41.216989
U0182,A0062,2026-02-06T10:41:41.216993
U0182,A0049,2025-12-20T10:41:41.216998
U0182,A0058,2026-01-11T10:41:41.217002
U0182,A0085,2025-12-06T10:41:41.217006
U0182,A0000,2026-01-13T10:41:41.217011
U0183,A0067,2026-01-08T10:41:41.217812
U0183,A0098,2025-12-31T10:41:41.217826
U0183,A0024,2026-02-23T10:41:41.217832
U0183,A0019,2025-12-20T10:41:41.217837
U0183,A0052,2025-12-19T10:41:41.217842
U0183,A0044,2026-02-18T10:41:41.217896
U0183,A0087,2025-11-30T10:41:41.217902
U0183,A0006,2026-01-22T10:41:41.217916
U0183,A0095,2026-02-16T10:41:41.217953
U0183,A0055,2025-12-21T10:41:41.217962
U0183,A0040,2025-11-29T10:41:41.217967
U0183,A0085,2025-12-07T10:41:41.217991
U0183,A0083,2026-02-20T10:41:41.217997
U0183,A0038,2025-12-01T10:41:41.218002
U0183,A0001,2026-02-08T10:41:41.218007
U0183,A0022,2026-01-19T10:41:41.218012
U0184,A0050,2025-12-21T10:41:41.219287
U0184,A0099,2026-01-07T10:41:41.219298
U0184,A0040,2026-01-15T10:41:41.219302
U0184,A0063,2026-01-15T10:41:41.219305
U0184,A0018,2026-02-09T10:41:41.219307
U0184,A0090,2026-02-23T10:41:41.219322
U0184,A0098,2025-12-19T10:41:41.219325
U0184,A0055,2026-01-03T10:41:41.219327
U0184,A0084,2026-02-11T10:41:41.219334
U0184,A0086,2025-12-08T10:41:41.219337
U0184,A0062,2025-12-11T10:41:41.219340
U0184,A0082,2025-12-27T10:41:41.219342
U0184,A0019,2026-02-24T10:41:41.219345
U0184,A0035,2025-12-23T10:41:41.219347
U0185,A0081,2025-12-15T10:41:41.220072
U0185,A0088,2026-01-03T10:41:41.220077
U0185,A0073,2026-02-16T10:41:41.220080
U0186,A0047,2025-12-18T10:41:41.220632
U0186,A0092,2025-12-01T10:41:41.220639
U0186,A0041,2026-01-01T10:41:41.220641
U0186,A0012,2025-12-04T10:41:41.220648
U0186,A0043,2026-02-24T10:41:41.220651
U0187,A0026,2026-01-12T10:41:41.221138
U0187,A0036,2026-01-02T10:41:41.221141
U0187,A0081,2026-01-09T10:41:41.221143
U0187,A0073,2026-02-07T10:41:41.221145
U0187,A0022,2025-11-27T10:41:41.221147
U0188,A0001,2025-12-20T10:41:41.221605
U0188,A0068,2026-02-11T10:41:41.221607
U0188,A0018,2026-02-24T10:41:41.221610
U0188,A0098,2025-12-14T10:41:41.221612
U0188,A0055,2025-12-19T10:41:41.221614
U0188,A0019,2026-02-12T10:41:41.221617
U0188,A0040,2025-12-02T10:41:41.221619
U0188,A0031,2025-12-28T10:41:41.221622
U0188,A0003,2026-01-02T10:41:41.221625
U0188,A0095,2026-01-01T10:41:41.221628
U0188,A0052,2026-01-26T10:41:41.221630
U0188,A0070,2026-01-08T10:41:41.221632
U0188,A0084,2026-02-08T10:41:41.221635
U0188,A0094,2026-02-14T10:41:41.221638
U0188,A0044,2026-01-13T10:41:41.221640
U0188,A0038,2026-02-05T10:41:41.221643
U0188,A0002,2026-01-02T10:41:41.221645
U0188,A0099,2025-12-25T10:41:41.221648
U0188,A0057,2026-01-30T10:41:41.221650
U0188,A0009,2025-12-03T10:41:41.221653
U0188,A0029,2025-12-29T10:41:41.221655
U0188,A0086,2026-02-10T10:41:41.221658
U0188,A0013,2026-02-15T10:41:41.221660
U0188,A0063,2026-02-23T10:41:41.221662
U0188,A0064,2025-12-29T10:41:41.221664
U0188,A0060,2026-02-24T10:41:41.221669
U0188,A0075,2026-01-05T10:41:41.221672
U0188,A0024,2025-12-18T10:41:41.221674
U0189,A0013,2026-02-11T10:41:41.222210
U0189,A0068,2025-12-24T10:41:41.222212
U0189,A0040,2026-01-01T10:41:41.222215
U0189,A0018,2025-11-27T10:41:41.222217
U0189,A0001,2026-01-10T10:41:41.222219
U0189,A0029,2026-01-16T10:41:41.222222
U0189,A0050,2026-01-03T10:41:41.222224
U0189,A0057,2026-02-11T10:41:41.222226
U0189,A0086,2026-01-22T10:41:41.222229
U0189,A0033,2026-02-12T10:41:41.222231
U0189,A0048,2026-02-11T10:41:41.222233
U0189,A0006,2025-12-04T10:41:41.222235
U0189,A0059,2025-12-12T10:41:41.222238
U0189,A0082,2025-12-03T10:41:41.222243
U0189,A0008,2026-02-11T10:41:41.222245
U0189,A0038,2026-02-20T10:41:41.222247
U0189,A0095,2025-12-03T10:41:41.222249
U0189,A0055,2026-02-12T10:41:41.222252
U0189,A0084,2026-01-18T10:41:41.222254
U0189,A0044,2025-11-30T10:41:41.222256
U0189,A0025,2025-12-27T10:41:41.222258
U0189,A0076,2026-01-27T10:41:41.222261
U0189,A0091,2025-12-14T10:41:41.222263
U0189,A0085,2025-12-04T10:41:41.222265
U0189,A0037,2025-12-02T10:41:41.222267
U0189,A0088,2025-11-29T10:41:41.222270
U0189,A0031,2026-02-14T10:41:41.222272
U0190,A0044,2026-02-19T10:41:41.222818
U0190,A0093,2025-12-13T10:41:41.222821
U0190,A0038,2026-02-02T10:41:41.222823
U0190,A0083,2026-01-02T10:41:41.222826
U0190,A0087,2026-02-01T10:41:41.222828
U0190,A0095,2025-12-16T10:41:41.222830
U0190,A0068,2025-12-20T10:41:41.222832
U0191,A0065,2025-12-18T10:41:41.223343
U0191,A0042,2026-01-17T10:41:41.223346
U0191,A0069,2026-01-12T10:41:41.223351
U0191,A0028,2025-12-07T10:41:41.223354
U0191,A0021,2026-01-08T10:41:41.223356
U0191,A0041,2025-12-18T10:41:41.223358
U0191,A0012,2025-12-30T10:41:41.223399
U0192,A0021,2025-12-13T10:41:41.223959
U0192,A0041,2025-11-30T10:41:41.223962
U0192,A0010,2026-01-19T10:41:41.223964
U0192,A0005,2026-02-23T10:41:41.223967
U0192,A0012,2026-01-17T10:41:41.223970
U0192,A0065,2026-01-23T10:41:41.223972
U0192,A0092,2025-12-28T10:41:41.223974
U0192,A0028,2026-01-08T10:41:41.223977
U0192,A0043,2026-02-21T10:41:41.223979
U0193,A0025,2026-02-21T10:41:41.224450
U0193,A0009,2026-01-06T10:41:41.224452
U0194,A0073,2026-01-07T10:41:41.224900
U0194,A0053,2026-01-18T10:41:41.224903
U0194,A0024,2026-01-19T10:41:41.224905
U0194,A0088,2026-02-04T10:41:41.224908
U0195,A0091,2025-11-28T10:41:41.225371
U0195,A0042,2026-02-07T10:41:41.225374
U0195,A0097,2026-01-23T10:41:41.225377
U0195,A0043,2026-02-18T10:41:41.225379
U0195,A0021,2025-12-22T10:41:41.225381
U0196,A0052,2026-02-10T10:41:41.225843
U0196,A0099,2026-01-04T10:41:41.225846
U0196,A0070,2026-01-04T10:41:41.225848
U0196,A0035,2026-02-14T10:41:41.225851
U0196,A0090,2025-12-14T10:41:41.225853
U0197,A0051,2025-12-19T10:41:41.226322
U0197,A0031,2026-02-05T10:41:41.226325
U0197,A0060,2025-12-09T10:41:41.226328
U0197,A0017,2025-12-04T10:41:41.226330
U0197,A0014,2026-01-23T10:41:41.226333
U0197,A0024,2026-01-11T10:41:41.226335
U0198,A0024,2026-01-04T10:41:41.226824
U0198,A0022,2026-02-04T10:41:41.226827
U0198,A0072,2026-02-16T10:41:41.226829
U0199,A0090,2025-12-24T10:41:41.227305
U0199,A0099,2026-01-01T10:41:41.227308
U0199,A0060,2026-02-14T10:41:41.227310
U0199,A0031,2025-12-31T10:41:41.227313
